id,text,label
137,"I am in year 1. When you take a spring or summer course, does it go toward your year 1 or year 2 GPA. Suppose I take a year 2 course in the spring or summer, will it go towards my year 1 or year 2 GPA? ",M
978,"you have to keep the blood on it forever, it’s a war trophy.",H
1112,"highly recommend getting engaged in the local scene, some really sick bands play shows in this area. they're often at venues like doors pub and vertagogo, and if you get to know people there i'm sure you can find someone who's looking for a vocalist lol",H
1001,"I don’t. I just hope I pass 💯

Nah fr though I like making notes after the lecture and highlighting things ik green, things im somewhat familiar with in yellow and things I have no idea about in red. This allows me to focus on parts where I turn goofy. And honestly scheduling my study time helps. Let’s say I wanna study 1 hour per class. I’ll put in my calendar that I have the first hour for X subject and second hour for Y subject then go on. And if I need more time I add an hour for subjects I’m still confused about.",M
1027,"Hey! I think I misplaced my wallet after getting something from the Second Cup at Keyes and was wondering if anybody would have retrieved it! It was pastel green, it has my student ID, presto and license. Please let me know!",F
261,"I am currently applying to McMasters ArtSci, and I was wondering what administrators are looking for. Are they looking to learn more about the individual, or is it more focused on the program? What are some ideas that I can write about?",M
572,"anyone currently taking this class, can you please let me know how it is and if the tutroials are mandatory??",M
410,"I’ve been meaning to make the move since first year but have found it tremendously difficult on figuring out how to have this conversation with my parents. My father moved to canada at 18 and has been here, alone (minus his brothers being here whom he is distant with) and I expected him to understand my desire to live on campus considering how much easier life is getting rid of the commute. My mother on the contrary thinks I wouldn’t be able to handle living alone (without her) which is genuinely just catastrophizing on her end when I would be less than an hour away. Both of them do not want me out of the house for no reason other than “you can’t be alone” 

Anyway, those who live on campus, what do your parents think? How did you guys talk about it? I’m biting the bullet and just doing it (thats how I really get any freedom) but I also wish a conversation and verbal agreement was in my future. ",M
383,"Hi all…

I recently decided that I no longer want to stay in life science or anything related of that matter and impulsively messed around my schedule (was having a crisis and did not think clearly). So I’m missing 2 requirements now and we’re past the add/drop deadline. Im now taking classes relevant to the program I want to choose for second year. But im missing 3.00 credits from the science 1 course list  and bio 1a03, will I have to take them in the summer to proceed into second year at all (like will I be able to choose my second year program in spite of this?)",M
333,What jobs are you guys planning to get this summer?,M
435,"I tried walking in front of them, waving my hand nothing 😭😭",S
353,"So sad🥲🥲 i lost my black yeti mug on friday at the shoppers on emerson i am like 97% sure but when i went in today they didnt have it pls lmk if youve seen it i think ive left it on the self checkout stand

edit: Ive been reunited thanks yall",S
964,They make an announcement on the main website by 6 am. If there’s nothing there classes are on.,M
455,"Hi Y'all, 

So I have an email signature, and thought it would be funny to have a dad joke in white text beside my signature so that no one knows except me. 

Guess what. The weirdos on dark mode know. I definitley didn't find that out by sending an email with that signature to my prof.

The moral of the story is if your a weirdo with dark mode on outlook, don't be an even worse weirdo who doesn't enjoy dad jokes. 

EDIT: Everyone defending dark mode in these comments is worrying me because I have sent multiple emails since last semester with this signature. How many people know??",M
78,It's snowing so excessively right now. It's about a foot of snow im just wondering if they will cancel classes tomorrow due to the amount of snow,M
29,"Ever since I came here I felt unwelcomed and like a burden to my peers and profs. I genuinely think my mental health plummeted the moment I stepped foot here.

However recently, a really awesome TA helped me out with stuff and I actually felt seen here.

Like someone cared. I honestly want to nominate them for something! I know there was the TA award thing from earlier but I only had this TA this semester and missed out. Is it too late for any other awards? Nobody else helped. Other TAs would yell at me


If they find this: thanks so much for making this semester more bearable. I thought I was in the deep end and was going to call it quits but you genuinely made an impact. Thank you again! :D engineering is so difficult alone both academically and mentally and it helps immensely to know somebody out there cares and wants you to succeed.",M
891,"I really want to take up badminton after a long time, but it feels a bit weird to go to drop-ins alone. Everyone is playing in separate groups. If anyone’s interested, please hmu! 

I’m still a beginner tho, so don’t expect much. ",M
277,I need to go to the SSC but I can't find any previous posts or videos showing the way and I've never been in gilmour hall. no clue where it is either.,M
247,"Hi,
If anyone is in Chem Eng and got a research position, what type of questions were asked in the interview? How does the process look like after the interview? If someone has any idea I need the insights🙏",M
874,I have to take it for my minor and I'm just wondering how the TAs are,M
306,"Anyone trying to form a study group(specifically those in Eng I)?

Lmk if u wanna make an ig gc and we can go from there",M
165,"Hi everyone!

I’m Salome, a graduate student in the MEPP program at McMaster. I’m currently working on a design thinking assignment, and my topic focuses on the experiences of international students with on-campus mental health services.

I’m looking for international students who are willing to share their insights in a short 30-minute interview. The interview can be done online or in person—whichever works best for you! To ensure your privacy, all information shared will be kept strictly confidential, and you’re welcome to participate anonymously if you prefer.

The deadline for my assignment is Tuesday, so I’m hoping to connect as soon as possible. If you’ve had any experience (positive or negative) with campus mental health services and feel comfortable talking about it, I’d be super grateful for your time and input.

Feel free to comment or DM me if you’re interested!

Thank you so much for considering!

Best,
Salome
email：shenn7@",M
592,"Hey guys! To anyone in the IBH program, can you guys pls tell how the interview process was like and what sort of questions they asked? asking this for a friend from hs!",M
178,"For people who transferred from a different uni to Mac social science I, when did you hear back of an acceptance ?",M
1140,Go ask it and find out,M
65,Does anyone know if there is a ENVSOCTY 1ha3 gc? ,M
141,"Hi guys! Does anyone have any knowledge wether or not CA Interview emails have been sent out? 

Would they give an email if they didn’t pick you eeee i’m nervous!!",M
924,"hey guys as the title says! I'm wondering what you've done as a student during the last couple of years that has fulfilled you academically, emotionally etc... I want to make the most out of this experience but the vastness of university makes it tough!",F
526,I am very bad at studying and I haven’t find any good method to study. Please give me tips on how to study and do all the memory work like for anatomy and physiology class. How to ace all the exams? Thank you in advance! Appreciate your help!,S
1023,Does anyone know if there is a group chat for psych 2ap3? Or if anyone is open to sharing notes? ,M
424,I have Dr.Donaldson as a prof and his lectures so far are great. However the final is in person and I’m worried that I’ll end up screwing up the course. Does anyone have advice on how you can excel in this course? ,M
1011,Title. Trying to plan vacation lol,H
686,"Hi! I was hoping a spot would open up for POLSCI 3V03 but it doesn’t look like it will so I am considering taking POLSCI 3K03 instead. Does anyone have any insight on the contents of the course with Dr. Hosea Patrick. I can’t seem to find this semester’s syllabus anywhere or one from a previous year with Dr. Patrick. I am hoping someone here could help me…What kind of assignments am I looking at (e.g. papers, quizzes, tests, reflections)? Any group projects or presentations? Is attendance mandatory? Anyone taking it this semester or who has taken it before with Dr. Patrick—any insight would be greatly appreciated 😊",M
265,"I graduated from high school with average grade 92% last year. I'm just wondering if the video interview is mandatory. They say it's optional and does not affect my offer tho. If my grades are enough to get in without supplementary application, I wanna skip it🥹 Is there someone who got in without supplimentary application?",M
422,good luck yall have less than one hour of to move,M
292,"Does anyone know how to do well on the assignments to get 5/5? There is no rubric and the instructions are very vague. Any advice on how to do well on all of them? What are the graders mostly looking for?

Thanks",M
221,"hey, if any upper year isci's are reading this, how is second year isci in comparison to first year? do you still do coding, and is the content harder? also, how is the course load in the isci course, for anybody in the bio concentration, feel free to comment as well on your experiences.

thankssssss ",M
1122,"Bab! Right on Main street beside Doughbox, always busy tho",M
235,if u got in pls lmk what u wrote🙏,M
529,"Hey guys I was hoping for some help with a floating lecture that I have: philos1e03. I ended up with only one lecture on my Mondays (i didn’t read the syllabus and realized the tutorials on my timetable for Mondays run every other week) I commute to school and it would be very inconvenient (and costly) to commute every other Monday for only one class especially since my lecture is at 2:30 which is right in the middle of the day. Would anyone in philos1e03 be willing to send me their notes? or even record the lectures for me? 

Thanks guys :)
Sincerely a broke commuter🙏",M
192,"Hi guys! I'm looking for group chats for the following courses: Korean 2X03, Sustain 1S03, and Music 2MT3. Pls lmk if there are any gc to join. Thanks!",M
321," TLDR: which second year program should I choose if I want a phd to become a psychologist?

 I’m in grade 12 and want to go into social science. Wondering which second year program to go into because that would affect which courses I choose in the first year. I want to become a psychologist which will need a phd so a program that would help in that would be great. 

 I’m just confused because I don’t know if I should choose social psychology or pnb - but then inside pnb there’s human behaviour, pnb, biopnb, and neuroscience. I’m assuming for me human behaviour or pnb is the best option but I saw there’s a specialization in social psychology for research which I know is important for a phd. 

 The courses I’m taking are kinesiology, data management, biology, human development, health and nutrition, and fitness leadership. I know for pnb calculus and chemistry is important, and as you can see I do not have either. I tried to do functions but it was too hard because I was going through it in grade 11 which caused me to have a bad math foundation - same thing for chem. Would it be possible to still take the courses in uni and survive or am I cooked? Thank you 🙏 ",F
49,I’ve applied for business 1 and have a 93% Highschool average. I’m considering the optional supplementary application but a question involves how often you volunteer. I have no volunteer hours or sport activities outside of the 40 needed to graduate. Is it better to just not submit it than to say I don’t have any in that segment? Would they know if I did any outside of school and didn’t submit the hours for whatever reason or is that suspicious to them?,M
921,I am taking this course this semester but haven’t seen too many people talking about it. I am in first year Eng and was wondering if it’s manageable and is it easy to get a 12. I am scared for the final exam so if anyone has taken this course if they could let me know how it was🙏🙏🙏,F
2,"Im so dumb, I commute 1.5hrs to McMaster. I forgot my laptop charger and need to do an online kin test that requires respondus. What should I do? Is there anywhere that I can use a computer but it needs a camera. My laptop is at 11%",F
560,"Pls msg me if u found it. Might be somewhere around MUSC-CNH

I can send a pic as proof it’s mine thanks ",M
372,Plssss because I wanna go study there rn nothing else open ughhghhhh,S
1100,"It says the due date is this Friday, but since we have a grace period would that mean its extended to next weeks Friday without any penalty ?

",M
249,I’ve put a picture below. It was initially in PG 6th floor study room as that’s where someone found it but it’s no loner there. It’s very special to me as it belonged to my grandmother. Please if someone has taken it contact me.,S
552,"For those who have taken commerce with Pepper, is the midterm hard? Are the questions from the slides or she uses question banks",M
551,"Tried diff buildings and wifis, can’t even google nothing today",A
1194,I remember randomly paying $12 for parking one day. No explanation was given and I still haven't heard anything about it.,A
685,"Piazza has by far the best food on campus and I am tired of hearing otherwise.

“Oh bistro”, “oh chopped leaf” 

Maybe if they didn’t grill hockey pucks to make the bistro burger and I didn’t have to sell 3/4 of my kidney to afford a Santa Fe bowl from chopped leaf (4/5 if i want chicken) they might be contenders.

But my beloved piazza has some of the best food on campus (shawarma rice bowl, turkey bacon club, chicken burrito) at quite reasonable prices ($6 for 3 tacos)

I pray that everyone at this wonderful institution can see through the bistro/chopped leaf propaganda and become piazzapilled",H
33,are there even places to sit and study in these buildings and if so where are they?,M
204,Hey im looking to get some information from health science students if there are any that can reach out to me i would appreciate it ,M
1068,"Hey everyone,  
I’m in a frustrating situation and could really use some guidance. I took **ECE 712** during Fall 2024, and we’re now well into Winter 2025, but the final grades still haven’t been posted. The professor is a retired/rehired instructor who’s been completely unresponsive to emails, and I haven’t been able to reach them via office hours either (no replies, no posted updates). 

Has anyone dealt with a similar scenario? Should I escalate this to the **ECE department** directly?",A
593,"I hate group work more than anything on this earth, curious to see what others think

[View Poll](https://www.reddit.com/poll/1i02oag)",A
909,"Hi all 

I got 4/5 of my grades back from last semester around Christmas, which I believe to be the standard turnaround time.

However one class has not returned my final grade on mosaic, nor updated the exam grade on avenue. 

This was my second exam, and it was all Scantron so i would assume it’s completed by now.

I’m in no rush to get this mark back, but it just seems odd that it hasn’t been returned yet.

Is it normal to be taking this long? Is there a date where if I don’t see a mark yet I should email the prof?

Thanks for the help",F
77,when does the spring / summer classes list come out? are they already out? how would i find them? thanks!!!!:),H
84,Can someone send an invite link?,M
305,"So I'm finding the Bio 1A Modules to be a LOT of work, and take a ton of time if I want to make good notes. I think I'll retain best by doing handwritten notes (as opposed to typed) and I'm taking pics of relevant diagrams from the slides. 

For Theme 1 Mod 2 I have 13 pages of notes. For Theme 1 Mod 1 I have 9. That is for one week.  Because the modules are so dense and I'm handwriting its taken me 3-4 hours + to go through each one. Is this normal? I'm concerned I will not be able to keep up as the course goes.

Any advice please!",F
82,"Hi, has anyone taken this? Any advice for midterms with Dr. Balshine? What to expect?",M
452,"Do we have Tutorials this week?? I emailed the prof to ask bc I haven't heard from the TA, but I haven't gotten a response for a week. ",M
948,"You’re allowed to take a MAXIMUM of 4 course across the Spring/Summer term (2 courses in the Spring and 2 in the Summer). 

This is because the Spring and Summer term are condensed to only 6-7 weeks each where a normal semester will take 12-14 Weeks. This means the courses are covering content twice as quickly as they do in the regular Fall/Winter term.",M
425,hi guys i'm in a group of 3 female mcmaster students and we're looking for a 4th to fill a student house and come to viewings with us. if anyone is looking for a group to live with message me!!,M
535,"Just wanted to put this out here since I’ve also received a lot of help from redditors, if anyone needs anki flashcards for PSYCH 1XX3 for free, please pm me. I did well in the course (I took it 2 years ago) and hopefully the flashcards can help someone else as well. ",H
323,"Test 1 is coming up in a week, and I'm not too sure what to do after the course pack and practice tests to prepare, and yet I still dont feel ready. For people who took this course last semester, is there any advice you would advise to look at to succeed in the tests, especially Test 1 as I have no idea what to expect?",F
413,Is the willy dog stand closed in the winter? Does anyone know when it’ll reopen,M
1089,dm me if u got a problem u cant solve,H
5,"I know I know, it's gonna be covered with the gown but I'm wondering what I(F) should wear underneath that matches the neckline of the gown. Should I do a collared shirt? A turtleneck? Or it doesn't matter at all since the gown will completely cover it?",M
1121,Saigon House (the one downtown. It's unrelated to the westdale one) is my favorite restaurant in the city hands down. The a la carte or the all u can eat BBQ are both very reasonably priced and everything tastes amazing,H
1077,AI is heavily over saturated just as software engineering is.,M
97,"oh my god I feel crazy, every time I leave my dorm I catch people staring at me. Like not in a way where they are checking me out, or just looking at me as I pass them, it's like full on staring. Like how you would stare at someone if their face was purple. I am not ugly, nor am I insanely beauftiful and there is nothing about me that stands out enough for people to stare. Anyway, just felt like a rant.",S
1008,"does anyone have access to a pdf of the textbook that they could share?   
(Joseph Holden. Water Resources: An Integrated Approach. 2019. Routledge. 2nd edition)",M
426,I am studying **commerce**; I am in the program **in order to get a high GPA** to help get into medical school. I heard that DeGroote and TMU don't have prerequisite courses for medical school...; can someone please give me advice on **what I should do in my undergraduate to almost guarantee my acceptance in medical school**? It is like my **dream to become a doctor/surgeon**  to offer to others in the field of medicine and surgery from young age. All advice is really appreciated:),M
1064,"the first midterm is easy so that u get you're guard down for the 2nd one. Its like they're patting you on the head to make u feel good then when u go to get another pat on the head you see the hand coming down and you close you're eyes then you get uppercutted last second flying into that one shed from the end of portal 2. midterm 1 soft tho, just study for the 2nd one cuz i didnt lol. (btw i have a post somewhere with some info bout physics 1a03)",M
281,Is there a group chat for this class that isn’t full? I would love to be added to it,M
266,"How do y’all commuters get up for morning classes? I have three 9:30s this term that I barely go to. The biggest problem for me isn’t even the time per se, it’s the fact that my next class is 7 hours later. What am I supposed to do in all that time? I’ve got zero friends and social anxiety so staying on campus for long periods of time exhausts me. I can’t even sit in the library for too long cause there are still people around. I think it might be doable if I can find an empty room but I can never find one cause they’re all being used for tutorials and the like. Any advice is appreciated!",M
446,Hello! I lost my student ID and keys today and was wondering if anyone found one,S
406,I’m in my third year and I’m a commuter but idk if anyone else struggles with making friends. I’d say I’m social but commuting is mentally draining (everyday back and forth) and I’m not rlly the party guy either so I just go to class and come back. I’ve tried making friendships but honestly it’s not easy and especially now in third year. ,M
384,anyone have any advice on how to 12 the course/ tips for studying for midterms??? ,M
407,"Hi, I am a new international grad student for 25 fall term. I want to know something about rent in Hamilton.

My budget varies from 800-1200, I hope to know what kind of room can I afford. Such as, how long it takes to school ? how many people will share the washroom? 

Besides, I wish to know how to find a reliable roommate? I am a quiet girl and I love cooking Asian food, I hope I could find a roommate that we could share food together☺️

Thanks for ur answer in advance🥺",H
1072,"clerks@mcmaster.ca 

in case it may be useful! i tend to use it for things like water refill stations not working",M
538,"I am a year 1 commerce student and had macro economics in my first semester. I failed it. I am planning to take the course in the spring/summer time. Which option should I choose to do better? 

https://preview.redd.it/ucpqt0qn8vce1.png?width=2006&amp;format=png&amp;auto=webp&amp;s=d6e434585f71e20f78f1b13773818972ab456794

Option 1- I had O'Shaugnessy for this course and still have access to her A2L, however it is a online course..., but I heard she gave a big curve for the final, is that true?

Option 2-I have never heard of Phebeena Smith, maybe she is new, I can't even find her on rate my prof, however, her classes are in person

Has anyone taken Macro in the summer, how was it? Instead would you recommend to take a second year course in the spring/summer and do macro next year in the fall?

Any advice given is deep appreciated:)",S
118,every post where people are trying to make new friends they get ur ig or make a gc and then nothing happens. i get ranting but then why offer to be friends if u aren’t acc gonna talk 😭,A
390,Anyone else’s mosaic down rn? It shouldn’t be weekly maintenance since it’s Friday.,M
250,"Hey everyone! Does anyone have a useful Quizlet or Anki deck that they used to study for the Psych 2AA3, 3AB3, 2AP3 final exams last sem? Would anyone be willing to share? Thanks so much!",M
479,"Is there any way that a conflict application form will be approved after the drop/add deadline? I'm aware it was supposed to be submitted on the first day of classes. But due to several issues, mostly from the lack of communication from profs and being thrown around by everyone I asked to resolve this conflict, I'm still waiting on the signature from them. Is it still worth it to get those signatures from the profs and submit it? I'm so sick of this, I'm constantly running around all day on campus desperately trying to fix this but it's going absolutely nowhere. Should I just suck it up and focus on my 4 courses? Ive had no time to study cuz I'm so worried about getting in and having a full courseload. ",A
970,Aren’t the course list already out on https://inspire.mcmaster.ca/spring-and-summer-mac/,M
9,I saw the Mac post about it. congrats to the winner but what does the disqualification of one of the candidates mean I’m confused ,M
196,"I took a pre-req course in 2019 as part of my undergraduate (it was mandatory for my degree), but it falls just outside their five-year window requirement.  I’m wondering if anyone here has faced a similar situation and if the only choice is to re-take the pre-req",M
991,Probably a stupid question bc it’s very unlikely they just wouldn’t be there anymore or not work but for the first time since first year a prof wants smth handed in as a physical copy and I’m paranoid that I’ll show up to mills and not be able to print anything ,F
81,That someone recognised my Furina sticker. And first math test was a breeze truly how are you alls nights going (real).,H
598,"Hey everyone!

I’m really interested in Arctic and Antarctic studies but not sure if McMaster has any professors or departments specializing in this area. I’d love to connect with anyone involved in research related to the polar regions, whether it’s about climate, ecosystems, glaciology, biology, or anything else.

If you know of any professors, research groups, or university resources that focus on these topics, please let me know! I’m eager to learn more and hopefully get involved, but I’m not sure where to start.",H
675,"I'm really scared about starting the gym and to make it worse, I see people complaining about beginners at the pulse with the new year. Idk how to get over this 
I'm scared of being judged/messing up my form, etc. I know peoples opinions literally mean nothing but I also can't seem to get over this. So if anyone has any tips I would really appreciate it!

I heard it's less busy in the morning but I cannot wake up that early so what's the best time to go that isn't extremely early.

Also if anyone has any recommendations of what to do at the gym I'd appreciate that too, Im not too familiar with the machines/equipment and I would feel better going in prepared. I wanna build muscle everywhere, tone up and just get more comfortable in my body overall.

Also if anyone has any funny/embarrassing gym stories to share, please do!",F
639,"Hey there! I was thinking of applying to Macmaster's bcom program and I wanted to ask a question about passing a course/class. So for the accounting and finance program at TMU, I believe you need to have at least a 67% to pass and move on. Is there a similar structure for mac's program? Another question I have is how rigorous is their business program? Like are classes overall on the easy side or hard? Thanks a lot! ",M
239,"I have a lot of money left in my meal plan, and not sure what to do?",M
309,Hey everyone! I’m planning on applying for the Health Sciences or Life Sciences program next year and I was wondering if I should take grade 12 English in summer school. But I’m a bit hesitant because I’ve heard from people that some Universities (maybe McMaster??) drop your average by 5 or 10 percent and I’m just wondering if anyone can clarify. Thanks!,F
211,"Hey, im a male with pretty curly hair who just needs to neaten up my longer hair a bit. Every haircut post on here asks for a fade lol so just wanna ask if anyone has a good experience with a barber who LISTENSSS.",A
912,"It's just that i've been waiting for so long, so I thought of letting everybody know :)

Edit: Envirsc 1c03",H
382,Hi I don’t go to McMaster but my girlfriend does and it’s our anniversary in a few weeks and I was hoping to send flowers to her dorm but I’m not really sure how. Do I just send it like a normal delivery or do I send it directly to Bates? Any advice will help thanks! ,M
1156,"I would say it’s around the same difficulty as the practice midterm quizzes! I took the test last year, and if I remember correctly the first midterm average was 70-75%, something like that. Best of luck, I’m sure you’ll do great :)",H
227,"For context, my friend and I are first years and are both 18. We overheard some people talking about how you can still get into clubs if you show your student ID even if you're under 19. Is this true?",M
1052,"Totally normal! You are new to things and are learning. if they make you feel stupid, that’s on them, might not be a great employer. 90% of the stuff you do at work has no connection to school tbh. 

Be helpful, do your best, act like you care about the work, be humble, and ask questions when you don’t know. As a co-op student, if you do those things, you will be successful. 

Take the lessons from this place as a learning. Be confident, you got this and deserve to be there!",H
361,"I’m trying to apply for an USRA this summer! I am confused about the end of form 202 Part 1 where an official transcript is required. Anyone who has applied for/received the award in the past - did you have your transcript emailed to you/submitted a PDF, or did you need to have it mailed and scanned the physical copy? I would really appreciate any help! ",M
992,"printers are still in mills!! I lowkey use them all the time (at the dismay of my wallet 💀💀) they’re on the first floor by the undergrad study area. you can check instructions on how to print here: https://library.mcmaster.ca/services/printing 

I hope it works out for you!! keep chasing your dreams :)",H
177,"How are hthsci 3RS3 quizzes? Difficult? Easy? Mediocre? Anyone who has previously taken the class, please let me know. They are worth 10% each. ",M
1144,i don't think you can hurt a goose's feelings - they have the most secure attachment style i've ever seen. they do the emotional and physical work to stay confident and self-assured.,H
935,"i wanted this specialization but its being phased out one year before i was supposed to apply 😥. does anyone have any suggestions for similar specializations? i rlly liked the mix of psych, kin and science",S
497,is it just me or does everyone on campus have a silly little cough 🤨😀,M
334,Title ^^. Im trying to complete some required courses over the summer at a diff institution. I checked mac’s transfer credit search website and found the equivalences at the uni i wanna complete the credits at over spring/summer. Anyone know from experience how difficult it is to get a LOP?,M
1175,I have had it twice and it has made me sick twice,A
7,"If you commute you’re probably aware of these problems and might’ve just accepted them. Have you been on the waitlist for 8 months? That’s not an unfortunate accident, Lot M is half empty every day. McMaster makes the bulk of its money at Lot M through the commuters that are not on the waitlist. If you get off the waitlist McMaster loses money. You will keep playing $8 a day until someone else can replace you on the waitlist as their cash cow. And the waitlist resets yearly.

This is bad enough, paying $160 a month for parking at the uni you already pay massive amounts of tuition to, just for them to pocket the money for profit. If you aren’t convinced Mac doesn’t give a fuck about you and is taking advantage, here’s another lot M anecdote.

A couple months ago the machines suddenly, due to a “bug in the system” (parking employee) charged $12 for lot M instead of $8 for two days. This isn’t much, true. But McMaster charged this amount, never addressed it, never returned it. If we assume 1000 people came into lot M those two days, that’s about $8000 extra. Not a small amount. Money that could’ve improved the shuttle busses that have gotten shittier and shittier, or payed the shuttle drivers more. It 100% just became surplus (illegally accrued) profit.

The commuters are easy to take advantage of. We’re a formless mass of people with no unity, and McMaster will take advantage of you for your whole time here. Bring these problems up to whoever you can! Your MSU elects, CUPE, anyone who has ears. Every problem at the school we acknowledge and work to fix will benefit the students, profs, employees (everyone but the upper administration and shareholders). Set a good precedent and don’t let yourselves get walked over, even in the seemingly small issues! For profit they will step on you.",A
155,"Hi everyone,

I'm in the nursing program and I've been facing a lot of stress and overthinking recently. While many people probably feel the same way, I feel like I can't get myself to complete one single task for one single course. Don't get me wrong, I absolutely love this program and all my profs/peers.

If anyone could provide me with some advice moving forward, I would really like that.",S
557,Put in the student center lost and found box,M
597,Selling math 1LT3 textbook! Dm for price ,M
1037,The crush part is funny lol. This isn't middle school 😭,M
862,"Hi, anyone have the PDF of Introduction to Anthropology: Sex, Food and Death. 2023. Custom edition for McMaster University.  
Oxford University Press. Pls lmk!!!",M
1096,There should be another round for the winter semester :),H
584,"Hello! I need to change my student ID photo as I started wearing the hijab. I searched online and the website says stuff about replacing a lost or damaged card

sooo maybe this is a stupid question but would I still have to pay the replacement fee if my card is fine and I just need my photo changed? or is the process the same in that I just gotta suck it up and pay $30 to replace my card? 

thank you ! ",M
534,"especially the assignments, any advice would be appreciated ",M
1061,Not living in Ancaster but I am also looking for upper year/grad roomates! I am in ainslie wood,M
1131,"Application and interview process, had no interview with them ? Did anyone else receive an email like this for the rejection ? ",D
585,"so i’m a first year and i’ve had trouble making genuine relationships with other people so far, but now is the time people are looking for houses. i don’t even know where to start with this not to mention i have no group to look for a house with. i also am religious so im picky in that sense of who i end up living with, due to religious values and restrictions. i’ve been so stressed hearing abt everyone finding houses lol so is it normal to not find housing rn or fo ppl have suggestions on what to do in this situation? commuting is also not an option i live too far",S
530,Any opinions on this course? How hard is it? Is it worth taking? It’s with Maccio this semester so I’m wondering if it’s easier than past years. ,M
546,"Anyone want to switch? 

Mine is Tut 5 - Tuesday at 11:30am 

Looking to get into Tut 6 on Wednesday please!! ",M
601,I want lab 1. I'm willing to drop lab 4 so lmk if you're down.,M
1088,"Try to understand why u got the question wrong, and how the procedure relates to the information provided . I like to approach questions by writing out the information given, categorizing based on strong or weak acid or base, finding moles of everything, and then based on what you know and what you need to find out, you can figure out an equation to use. as you go through the questions you’ll start to recognize patterns on how to do the types of questions on the test, which you’ll be able to recognize when you write out the given info. it’s ok if you get them wrong, as long as you understand why, maybe try going back to it a short while after to make sure u understand. Hope this helps (:",H
522,Can someone add me to a chem 1aa3 gc or create one if they know enough people in that course.,M
1066,"Hi, we’re a group of 5 girls looking for 2-3 other girls to live with us for the 2025 academic year (May 2025-26). We’ve signed for a nice 8 bedroom house located in Westdale, and if you’re interested please dm me, thanks!",M
228,"Hey guys I think I might've dropped my key and want to contact service centre to see if anyones returned it, but I'm not 100% sure if I've lost it or not and there is a $385 charge for lost keys. Will they automatically charge me this amount if I tell them I lost my key? I want to keep looking just incase its somewhere in my room and i just cant find it 😭",S
961,You're not in grade school anymore.  You're not supposed to wish for a snow day.  Canceling class just puts you behind.  Plus you paid for it.,D
923,hi has anyone that has taken this course lmk if it was 12able and lmk what they thought about the course and the overall content? Were the assignments and marking difficult? ,M
212,"I’m a first year socsci student, and I’m not really sure what I should be aiming for this summer. A lot of co-ops and summer student positions don’t really seem to apply to me/my area of study. As a first year, should I even be applying? I would like to apply to med school in the future, so if it’s a crucial opportunity I want to make sure I’m on top of it. 

Also, I won’t be choosing a level 2 program this spring. I want to transfer to a B.S.C. instead of a B.A. and need the extra year for prerequisites. Does anyone have advice for switching programs, or the best way to do it? My academic advisors in socsci aren’t helpful and I want to make sure I’m not screwing anything up. ",M
79,"Is there a maximum amount of spring/ summer courses that students are allowed to take in both terms? 

like, could i hypothetically take like 4 courses in both the spring and summer (so 8 courses), or is there a max for both terms combined? ",M
148,Anyone remember what the little online in class quiz on Monday is on there’s nothing posted about what it covers on A2L (or maybe I’m slow and just can’t find it). I won’t lie I was very locked out when he was explaining it so if anyone remembers I’d appreciate the info so I know what to study for tonight 🙏🙏,M
302,Does anyone have the recorded lectures from CHEM 1AA3 last year? ,M
357,"anybody taking this course have a pdf of the textbook? i looked online but wasn’t able to find it 

wasting away: the undermining of Canadian health care - 2nd edition by Armstrong P &amp; H Armstrong (2010)

thanks!",M
606,It's so good but lowkey takes a hit at my bank account whenever I get it. Anybody know the ingredients or how to make Paisley's Coffeehouse chickpea toast? I'm craving it so bad,M
1069,"How can a student put in a maintenance request because I simply cannot anymore with this fan vibrating in increments that somehow are timed at the exact moment anyone tries to talk 

Like I’ll go fix it myself gladly I just need someone to pitch in a ladder pls I can’t take it ",A
364,"Hey everyone! I’ve been trying to find a job on campus but haven’t had much luck. Where do you all work and where did you apply? Are there any job opening that are not as competitive to apply to?

Anywhere is fine but if you have details about Lyons New Media, paid research positions, or Mills Library, that would be great! 

Side Note: are referrals really important? And if so, is anyone open to asking their manager for me?",S
43,"Ok so like even though I did physics in grade 11 and 12 physics has always been one of my weakest subjects and I have the midterm next week and I’m low key panicking. Like I don’t even know which topic I should start studying from and the Lon capas do NOT look like what we’ve been going over during classes and I’m freaking tf out!!! 

Can someone please help me or give me some advice pleaseeee",M
359,"hii i have a few questions for anyone whos in this program. what was ur grade when u got accepted, and whats the average cutoff?? what are the pros and cons of this program, and is there a good balance between studying and having a social life? also i heard there's clinical placements, so are they just in ontario or do you get sent anywhere in canada?",M
133,I’m currently in grade 12 and have a low 80s average ik ouinfo says low to mid 80s but what would be the ideal average to aim for to get in thanks,S
952,I'm on campus rn and it isn't even snowing what are you talking about 😭 not even tryna be mean im genuinely confused,U
311,"Hey everyone at McMaster, it’s me again. I have a question to those who stayed a summer term. What is campus like? Is everything mostly open? What about residences, food courts and food places, buildings, gyms? Thank you!",M
626,"Halfway through my chemistry degree and im realizing my true passion is in philosophy, (+ ethics, politics and economics). How is the program at Mac? I feel terrible for realizing this so late, but I genuinely enjoyed chemistry so it took awhile. Ive loved the philosophy electives I’ve taken so far. Think im going to take time off to save up and come back and start over",S
1189,I saw the Mac post about it. congrats to the winner but what does the disqualification of one of the candidates mean I’m confused ,H
984,Ur gonna get kicked out of uni,M
0,so fucking loud it was blasting my ears off dude I just want Tim Hortons,A
316,"Hypothetically could I use my cousins Mac ID and go to Pulse? Do they see if you look like your ID photo (we look sort of alike, not rly)? This is all hypothetical ",M
901,"medium-sized (35 lbs), reddish-brown fur, wearing a blue/purple harness - she went missing from the Cootes Drive/Dundas area, just west of Mac, but may have headed towards the Westdale and RBG, we don't really know. Please keep a look out, thanks!

https://preview.redd.it/bmezmn7lglbe1.jpg?width=612&amp;format=pjpg&amp;auto=webp&amp;s=37c13656676de737a33de7927e1eeffff55e2eff

",S
1161,pita n more is where it’s at,M
373,The first quiz is coming up and im not sure the difficulty or how to prepare. What should I do? Thanks.,S
548,"Eng 1 student, no free choice, trying to do mechanical. My gpa first sem was about a 9, and I hate and suck at the electricity side of physics. If I drop it and take it in summer, will that count as my GPA for declaring? Do you guys recommend dropping it, and maybe picking up Econ so I can do management Eng, which would really allow me to focus on calc 2 this semester? 

Side question, how does the dropping process work, and can I if needed get a late withdrawal?",A
1143,it’s just doing some yoga exercises,H
637,"Hey reddit,

I’m a grade 11 high school student in alberta. I took chemistry 30 during this semester but I ended with an 88%. Since this doesn’t meet requirements for mcmaster health science, Im thinking to retake this course online over the summer. Would they care that I retook a course and that I did it through summer school? Some people told me that they dont prefer summer school courses and penalize you for it by preferring students who did the course during school. Is this true?",F
172,"I've started my first semester of life scie this winter. And I'm struggling + overdoing on stress.

",S
125,They are open on D2L from 8:30 AM to 11:59 PM. This is a fully online course. Course outline doesn't mention anything beyond its format (MC). I'd appreciate it if anyone could lend their insight; TIA!,M
1012,"I feel that, last year bought tickets to Australia before knowing ended up working out by 1 day",M
447,I haven't touched this topic since grade 11 and I don't know what's going on. 😭edit: for physics,S
619,Has anyone taken the class with Christina Devries? How was it and did you end up with a good mark? Any advice would be appreciated 🫶,M
1099,"Just got it. Why is it 3 hours, I don’t even want this that bad tbh ",D
90,"Everyone should’ve gotten an email this morning to vote in the MSU referendums and presidential election. Here’s what you should know/read to make an informed vote!

**Presidential Election**  
There are 3 candidates! The Silhouette has written an overview and critique of each candidate. Here’s the overview (or read full articles):

[**Simon Mills**](https://thesil.ca/msu-presidential-candidate-platform-overview-simon-mills/)  
Main idea: student life and MSU events (i.e. MSU cup)  
[Main critique:](https://thesil.ca/msu-presidential-candidate-platform-critique-simon-mills/) logistical and financial considerations

[**Olami Olalere**](https://thesil.ca/msu-presidential-candidate-platform-overview-olami-olalere/)  
Main idea: advertising MSU (I.e. MSUtv and an athletic Maroon wall)  
[Main critique](https://thesil.ca/msu-presidential-candidate-platform-critique-olami-olalere/): substance and lack of consultation

[**Piper Plavins**](https://thesil.ca/msu-presidential-candidate-platform-overview-piper-plavins/)  
Main idea: connecting students to opportunities in MSU (I.e. part time jobs)  
[Main critique:](https://thesil.ca/msu-presidential-platform-critique-piper-plavins/) financial feasibility

**Engineer Without Borders (EWB) Referendum– $0.41 per student**

* This is the second year in a row that they’re being sent to referendum by the Student Representative Assembly (SRA) which reviews finances and operations of the group yearly
* Previously the $12,000 funding was used to fund 1 McMaster student on a fellowship to East Africa but the fellowship program is now paused due to “restructuring at head office”
* EWB has not been able to access bank accounts or provide accurate financial figures in recent years and haven't offered substantial student programming other than the fellowship which is now paused

$0.41 may not seem like a lot to one student, but it is also $12,000 in the hands of a few students with a history of financial irresponsibility and obscurity.

**Food Accessibility Initiative Referendum– $6.50 per student**

* Was in the previous election but did not meet quorum
* Initiative to provide free soup and bread to students (90,000 meals)

**Homecoming and Large Scale Events Referendum– $20 per student**

* Fund on-campus homecoming and other large scale events",H
1136,"It has 2 legs but it's standing on only one. Would it's feelings be hurt if I referred to it as the Pixar lamp?
",M
181,"I was wondering if you guys had an 1st year elective recommendations for the spring/summer, ideally something that would be easy to score high in, like an 11-12.

Preferably, the course would be online or asynchronous for the most part.  
  
Thank you ",M
365,rent is 800 and it’s a 10 min walk from mac em me for pictures or to set up a viewing!!,M
274,So currently on academic probation and to get into my honours prgram for next year i need to meet a 5.0. Now my question is that there are 3 required courses for it and the rest are electives. Do they look at my highest mark electives and are those electives only limited to lv 1 courses. This term im taking 2 easy electives (japanese 2x03 and innovate 2x03) will those count in my gpa for the honours program. Im concerned since those are 2nd yr courses so im not sure whether they are included.,F
1091,"Title!
Just want a quiet empty study spot nearby thank you!",M
69,"So I have my Calc II midterm on Monday, Feb 10 from 7pm - 8:15pm, however I also have my Innovate 1z03 lectures at the same time from 7pm - 10pm (realistically more like 8:30pm but the ending time doesn't rlly matter). I know I could reschedule for an earlier time but can't do that either bc of other courses. Should I skip the Innovate lecture or MSAF the midterm?",M
291,"I’ve seen on here that some people got their interviews or rejected, mine still says under review in the application portal. I also haven’t received an email on results. Anyone else? ",M
131,"Hi everyone 
I am currently in my third year of a bachelor's degree in Public Law, and I am seriously considering changing my field of study for my master's. I am torn between Human Resources and Marketing. Which of these fields offers better job opportunities for someone with a bachelor's degree in law?",M
300,"Basically the title. I applied for the CA job and was wondering if we get single rooms? If not, I imagine we room with other CA's? Also, I know some buildings only have communal bathrooms, but if a building does not have only communal bathrooms and you get placed in that building is it guaranteed that you won't be in a communal? 

Thank youuu!",M
451,"Hi, i have the option to obtain an exit degree in order to graduate in spring convocation, in a personal emergency situation which requires me to graduate as soon as possible. I am wondering, for those who got an exit degree from mcmaster, does it say anything about ""exit"" degree on the diploma itself? And during convocation do they announce that it is an exit degree? I am trying to keep this a secret from my parents.",M
326,thode heat is off and i literally cannot function. ,A
144,"Would people be interested if someone was to set up a Record Stand in MUSC? I have an excess of vintage vinyl,  an eclectic assortment - some contemporary musics . 

But would it be worthwhile ? Prices would be cheaper than retail and as competitive as I could be without putting myself out. Just curious ! 


EDIT: SOOO apparently it's 200$ for Sept-Apr... no discount for just like 1 or 2 months - maybe I'll just post up somewhere and sell haha ",H
450,"In the red chairs in common area near hawkrigg. Not sure who to report to tho, seriously nasty!",M
600,"Hi! I'm in my 4th year of my undergrad at Mac and I'm looking to apply to the PA program. I was filling out the returning student online application through OUAC and I was unsure about some aspects of the application. Specifically, the activities and employment section (see photo). Would I still fill this out with my current ECs / work experience, or leave it blank since I haven't yet graduated Mac? 

https://preview.redd.it/ag3q64u7bnce1.png?width=1596&amp;format=png&amp;auto=webp&amp;s=9d2788cb9cebf8925a1aca12d3111634201a5941",M
661,"hiii i'm a first year med rad student, and i was wondering if there's an upper year who's willing to answer some questions i have about the program?",M
135,I am going to start looking for houses for fall semester (August) 2025. I was hoping if any other Muslim girl could join me and maybe we could be roommates. I am also open to anyone who’s looking into subletting a room. Please dm me or respond on this post. ,M
434,i miss when we could just walk through the store and get them ourselves. why do i need to order online for pickup for ONE BOOK and wait days for them to prepare it...when i could just pick it up myself like before...who is this beneficial for,S
164,"help the first sociology test is this tuesday and i cannot figure out a good way to study without making like 100 flashcards per reading, and that wastes so much of my time. any past socio1z03 students have any tips for this coming test and future socio1z03 tests?",M
28,"Just got it. Why is it 3 hours, I don’t even want this that bad tbh ",M
579,"Found an AirPod case outside the Sterling and University bus stop around 11:30pm today, it has an engraving on it PM if you are looking for your case.",M
193,every time i walk past this one lab everyone inside is wearing tie dyed lab coats. it looks so cool whats that about?,H
488,Hey guy how do u study Engineering? I have classes all day and when I return home I'm so tired that I take a long nap and then realize I have work I start working at 6 pm and work till 12. I also scroll on TikTok for an hour because I can't sleep and I get less sleep and the cycle repeats repeatedly. I want to lock in and improve my study and work habits. Please help me guys!!,S
658,"I'm in my second year in eng and am planning on becoming a TA next year. I have a few questions

1. What is the application process like?
2. What are the general requirements?
3. How hard is it to become a TA?
4. What is the workload generally like?
5. Did you like being a TA?",M
1114,Yep! Written next term reading week in my experience,M
169,"Hi! I was hoping to find a partner for the Econ 1bb3 optional assignment. it’s for 5% and i’ve read over the rubric and requirements and it’s fairly easy and straight forward. I’m 18F and looking for a partner since the assignment can only be done in pairs. The opt-in date and discussion post is due this Friday (January 31) so if anyone is willing to join me please PM me or reply :)

EDIT: i found a partner! but im gonna leave this up if anyone wants to get in touch with a partner through this :) ",H
517,"If I'm in first year eng with no free choice and I want to take some courses in summer and spring to lighten my schedule for next year, am I only allowed to take general eng courses? I want to get into elec but im not sure I'll be able to so I feel it doesn't make any sense to enroll in any eleceng courses for the summer so I'm sticking to courses all engineers take. I'm gna take math 2z03 and was planning to take stats but it's not avaliable. Any other course I can take?? or should I just take an eleceng one?",M
140,"Hi
Where can I get past papers, any extra resources? What is your overall experience with this course tests?",M
173,I noticed that the previous thread is no longer available. Please use this to keep everyone updated! ,M
6,"I don’t know what some people are on but it doesn’t take long to wash your hands after taking a piss. I’ve seen so many guys not wash their hands and then go workout in pulse. Like at least have some hygiene. If you don’t have time to wash your hands, then carry a hand sanitizer or something in your pockets. Just keep your hands clean before touching equipments. ",D
662,"Are any of these less crowded than the others? Id prefer the least crowded one because id hate to hold up others time cuz i feel like i would have a lot of questions lol.

Oh also how r the ""help centers""

(for chem 1aa3 to be specific)

ty",M
509,"Two days ago I saw a post on instagram that had the words ""Back on Track Science - McMaster"" and I can't seem to find it anymore. From what I remember it was a post advertising a back on track help session for science students but I don't remember what mac account posted it. Has anyone else seen it? ",M
671,"Hi! I need an elective and was wondering which to take. 

SOCPSY 3M03 seems more interesting to me but I’m worried about vague instructions/marking for the assignments and the prof (Dunlop) doesn’t have the best reviews. MUSIC 2MT3 is usually considered a bird but the content and readings look a lot less interesting to me. 

Any input from someone who’s taken both/either recently would be appreciated!",M
73,pretty much i’m a dumbass and missed my tuition deadline. what do i do in this situation?,S
1155,Hey i’m a first year how are you guys feeling about the midterm tomorrow?,M
441,What’s the difference between McMaster Commerce and Business 1 because I would assume commerce would be under degroote but when looking in Ouac I only saw Business 1 and IBH under degroote. Not sure if commerce was even one of the specializations for business 1,M
238,"Its been happening for a week now. whenever i scan a bike it says ""vehicle not found"" WDYM VEHICLE NOT FOUND ITS RIGHT THERE UHSHIUHSUHAIUH ",A
145,I saw a girl get her coffee filled out in a white one at MUSC so I am curious about it. Do we need a particular cup for that? Do we need to sign up for anything? I’d appreciate any info!!,M
987,Anyone who hasn’t redeemed their HSR voucher code im willing to e transfer $125 for it asap. Let me know thanks 😄,H
234,"Hello everyone, I'm looking to gather student, staff, and alumni feedback on the transportation in and around mac (HSR, SoBi, Communauto, GO Buses, Bird scooters, driving personal vehicles, etc.) for a project. **My questions for you:** if you could have the power to make any changes to improve transportation for mac, what would you do? Tell me about the problems you face, things that make your life harder in regard to transportation, whats working for you, etc? Nothing is off limits here, I want to know what you actually think.",M
220,"thinking of taking this in the summer, how easy is it to 12?",M
1028,"File a lost item report at this link: [https://css.mcmaster.ca/file-a-lost-found-report/](https://css.mcmaster.ca/file-a-lost-found-report/)

Whenever I lost something, they always found it very quickly",M
1059,"I am on my 4th co op term having completed 16 months before. I worked in different disciplines, starting from research, to process eng, automation, design and now im in maintenance. Although i do have good experience, sometimes i feel it woulda beenn better if i has taken mech eng as my major. Cuz believe it or not im working around mechanical engineering the whole time. That being said, i still feel i dont know shit, but i just talk confidently. Which makes other feel i know a lot but i actually dotn. Just fake it until u make it. U got this",H
132,"Hi guys, my chem midterm is on friday at 7-8:30 pm, my commute home is about 2 hours. As a girl I don't really feel safe on public transport and walking home at like 10:30 pm, I emailed and told them about this, and asked to write the early write for the test and they denied my request. I'm kinda sad/scared, idk what to do. Any advice?

Edit: Thank you to every single person who commented, such great advice, I love you all!",F
1190,it means that they have accrued too many violations and have been automatically disqualified as per election rules! they still have the option to appeal the fines so keep an eye out,M
1198,ewww gross. kindergarteners have more common sense than this.,D
928,"hey everyone! i'm super confused on how the degroote supplementary works. is it just the 9 questions shown when you open the supplementary or is that a practice part and the actual supplementary begins after you submit your practice?

just wanted to confirm as i assumed it would be a timed supplementary like uoft or schulichs!",M
185,"Lost cat at Norfolk st s, taking shelter in student housing. contact me if u 
have any info on possible owners. ",M
41,"Hi, we’re a group of 5 girls looking for 2-3 other girls to live with us for the 2025 academic year (May 2025-26). We’ve signed for a nice 8 bedroom house located in Westdale, and if you’re interested please dm me, thanks!",M
630,does anyone want to swap their tuesday 11:30 time slot (L05) for a wednesday 2:30 time (L08)? ,M
108,"I've NEVER had a test or a final exam in an English course before. Those who have taken this course with Dr. Donaldson, how was the final exam?

  
By the way, some info: the exam is in person instead of a take-home exam because of GPT...",M
608,"Hey y'all! Me and my friends made this world view platform to share photos, feel free to let your imagination loose, please don't be weird! photos can be 1MB at most b/c we don't have AWS Credits. Laptop is best :)

* We. - the largest photo library in the world: [https://we-seven-omega.vercel.app/](https://we-seven-omega.vercel.app/)
* github: [https://github.com/Leonardomontesqui/We](https://github.com/Leonardomontesqui/We)

by uw students for people",H
56,What’s up with all the red paint (or spray pain) that’s smeared over the signs and windows around the uni? I noticed some on the entrance sign and on the big glass windows in MUSC but have seen it in multiple places. Looks like someone vandalized w spray paint and the school did a not-so-great job of cleaning up. Any idea what it was?? Curiosity has the best of me ,M
432,"Hello everyone,

We are seeking talented individuals to join us on our startup journey! 

We are working on a first ever service-based app powered by AI. Without giving away too much, the app is currently in development by a team of five master’s students, and we have a solid team handling marketing and other critical aspects.

This app is an extension of our successful parent company, which has been doing well even without the use of advanced technology. The app is part of our vision for innovation and will operate as a startup within the larger company.

Who We’re Looking For:
	•	Passionate student developers, particularly in app development and AI integration.
	•	Open-minded individuals who bring a positive attitude and a relentless drive to succeed.
	•	Passionate developers who get excited about creating impactful solutions.

If this resonates with you and you’re eager to be part of something transformative, we’d love to hear from you! Please send your cover letter to appcode299@gmail.com, detailing your passion for development, previous projects, and why this opportunity excites you.

We look forward to having new people on our team!",H
469,anyone taken this course? how important is participation? is it just for guest speaker sessions or all? ,M
998,No don't waste an MSAF. Talk to the course coordinator for innovate or reschedule the midterm.,M
1084,are there even places to sit and study in these buildings and if so where are they?,M
24,"Heyo, got admitted to McMaster 😋 One of the most important things on my college checklist is that I’m able to join a band, (preferably a metal band). I’m a vocalist who’s trained in lot of different singing and screaming techniques, just a matter if i’m able to find a band. Any info would be helpful! ",M
444,"i know that sounds insane but i’ve always been interested in learning physics (like astrophysics, for example, which isn’t a type physics i have to take for engineering). Would I be able to even do a minor in physics when there’s already physics in engineering? 

",H
684,"I finished 2G03 with an 11, but on rmp a lot of ppl are saying the tests in 3G03 are extremely hard. 

If anyone took this class before, how'd you find it? All the tests are online and open book but is it 11able or 12able? Ty!!!",M
547,"title\^, so basically have some free time and wanting to pre study a course, I looked over the course outline and found it but haven't found any resources online to study it, what should I do.",M
638,is watching lecture videos worth it? it seems like everything is on the lecture slides. my prof is morrow and its fully online. can I get away with just taking notes on the lecture slides? ,M
900,"Readings in Classical Literature, Vols. 1, 2, &amp; 3. Trans. S. Russell. Radix Antiqua Publishing. 2016 - Third edition. ISB-10 - 1988941660

I'm having trouble finding it on libgen :(",S
1123,Plank Restobar on Augusta is so good especially if you like sharing with your partner/friends!,H
339,"we’re three weeks in and i haven’t opened avenue for any work related reasons. please tell me im not alone 💔

edit: all the positivity rlly warmed my heart. u guys are right, ill start work next week fs 🥹 ",S
51,"Seeking one female housemate to join 6 other girls in a shared home for next year!

- Spacious 7-bedroom, 2-bathroom house
- Just a 5-minute walk to campus
- Rent: $950/month

Let me know if you’re interested and I’ll provide details!",M
385,"I am currently in bio 2A03 with Dr. Krupa Patel which I thought would be great because I’ve had her for one of her other courses. I am not totally sure if I am just an idiot or if there’s something wrong with her teaching style but I am being sent through a LOOP during her lectures. I’ll read the slides and understand what’s going on and then she’ll start talking more about it and I get so confused. I feel like she’s overcomplicating things… unless they are as complicated as what she’s describing them? Or maybe they’re not and I’m just dumb. We’re currently doing the nervous system and to be fair the last time I did this was a few years ago so while it is review I haven’t done it in awhile. But like. It’s the second week and I feel like I’ve been dropped into the ocean without a life jacket… the only pre requisites for this course are BIO 1M03 and 1A03 so I feel like I shouldn’t be this overwhelmed? I did well in those courses but this course is making me feel like a baby… if anyone is wondering, I have not taken psych 1XX3 but have taken psych 1X03. 
Anyways. Please let me know if anyone else feels this way. I feel like it’s not supposed to be harder than genetics but tell me why I’m finding genetics bird compared to this? Please give me tips to succeed if possible!",F
531,"Hello! Can anyone who has taken this course provide some feedback ? Do you recommend attending the lectures in person - they seem pretty content heavy.
How did you find the tests? Any tips? ",M
1117,"Love Mesa downtown, fantastic Mexican food",H
968,What the hell are you smoking bro?! This is called a dusting of snow around here!!! 🤣😂🤣,H
264,"Tired of just eating food and talking. Wanna do smth fun. I fear I must take action before it’s too late 🫠.
",S
1087,I've studied all the contents but whenever I open up chemfast my brain doesn't click and I can't answer a single question...any suggestions on what to do? ,F
1041,"I put on headphones, it blocks out enough noise not to distract me, and the prof is loud enough to hear.",M
943,They beat the ego out of us in second year so that we're grounded,M
397,"hey everyone, i unfortunately lost a pair of prescription sunglasses on either wednesday or thursday.  they’re large tortoiseshell frames with a gold circle on the side, if anyone’s seen them pls pm me! willing to offer a reward if found, would appreciate any help :(  ",S
533,"Hey guys, I was being foolish and basically a guy asked me to pay for his cab because he alleged that his taxi driver didn't take cash and he didn't have his card on him. My debit card got switched out for another and there ended up being a $500 withdrawal on my account with a few more larger declined transactions. I've seen a few other posts on here about similar instances, but I just wanted to add mine to the mix. 

So yeah, in retrospect seems kind of obvious that I shouldn't have done this, so just be careful out there.


low key though, if this happened to you, **DM me**. We can form a squad.",M
541,Do you actually need to read the textbook or are the lectures sufficient?,m
18,"It has 2 legs but it's standing on only one. Would it's feelings be hurt if I referred to it as the Pixar lamp?
",M
910,hey guyss does anyone have the GKRMST 2MT3 textbook for sale?,M
599,"I'm trying to decide which prof to chose and need some advice. Here is what I've gathered:

1. **George Hough** \- everyone is terrified of him, harsh grader, unclear (literally half the class got up, left, and dropped before he even finished his first lecture... it was CRAZY :0)
2. **Luis Angel** \- sweet but limited reviews
3. **Kelly Linton** \- literally a ghost can't find anything about her
4. **Olga Skarlato -** harsh grader, comes across as mean

The only one that really fits my timetable is Kelly Linton but I have nothing on her and have very limited time


Update: Kelly Linton is an absolute gem everything worked out :))",H
586,**I need a group for C04**,M
1186,"We all change, it doesn’t mean we’ve lost anything! How lucky we are to be growing older",H
369,"Subletting a cozy room on the main floor for $750 from May to August 2025 for an all-girls house. Utilities, laundry, wifi, parking, and bedroom furniture are included It's an 8-minute walk from campus. The room will be cleaned prior to the move-in day!

PM me for more info",H
83,"i wanted this specialization but its being phased out one year before i was supposed to apply 😥. does anyone have any suggestions for similar specializations? i rlly liked the mix of psych, kin and science",S
61,Title. Trying to plan vacation lol,H
464,"does anyone find that the prof moves extremely fast??? i literally cannot write as she talks at the speed of light and then i just give up because ive fallen so far behind 😔 i see the people around me just on their phones or sitting there. 

also psa: can we stop talking so loud and laughing at top volume throughout the whole lecture i might not be able to absorb any material because how fast she goes anyways but it definitely doesn’t help when im listening to you chat to your friend about your latest hookup.",S
272,"Seriously, I love not being able to feel my fingers and having my face burn as I walk from class to class. I can't wait for spring and warmer weather. The only downside of warmer weather is exams.",A
285,"hi!! i was wondering if any past sociol 1z03 students have any advice for how to study for the tests?

I made notes for both the lecture and the textbook but i’m not sure which is best to study or if i should just use both?? 

any help would be great thanks :3",M
362,I’m a 1st year soc sci student and was wondering if anyone was looking for someone to study with? could definitely use a fellow yapper or yappers to make study sessions less tiring!! :) ,H
356,"i want to apply for this research program for the summer but i’m so confused. could someone answer these if they can please?
1. so far i understand that we need a supervisor, so do we email the prospective supervisor first, then once they agree email the department? or do you email the department with someone that you have in mind?
2. do you work on your own project or just work in a lab on an existing project for the supervisor?
3. is it only natural sciences and engineering research? (ie no health or pnb)

also feel free to just explain the whole process if u can, thanks sm!!",M
485,"Looking for a tenant for a sublet in the summer term 2025 starting May 1st, ending in August 27th. Rent is $500/month including all utilities, and is located within short walking distance of the McMaster campus. 

There are 5 other male tenants currently living in the residence (not all will be staying for the summer), all respectful and sociable. The house is fully furnished and comes with all the necessary kitchen appliances, a washing machine, and a dryer. It also has two washrooms, one located upstairs and downstairs.

The room itself is located in the basement, it has decent space, and is furnished with two dressers, a bed frame, and mattress for use. 

IF INTERESTED, DM ME IF ANY QUESTIONS, AND FOR VIEWING",M
278,"hey!! im a first year in life sci (female) and am looking for housing right now, if anyone needs an extra person (or wants someone to look for a place to live with) message me :))",H
12,"I have never in my life tasted food so utterly bland, and so utterly horrendous and disgusting to the point where I felt the need to not only protest for my money back after the meal but also immediately leave a negative review on Google Maps and follow it up by telling everyone about my awful experience there. 

I am so genuinely serious when I say this but please do not go there, please stop your friends from going there, and please let that place rot until its forced to go out of business. What a disgusting pathetic excuse of ""shawarma"" they've got going on in there. Not even their ""garlic"" sauce has any hint of garlic in it. It is genuinely utter slop food for the lowest of your lows. 

Can you imagine? You're a student at mac, you just finished a stressful exam, or maybe you have an exam coming up, or maybe hey, you just need a little nutritional boost before going to the gym. Let's go to Westdale and try something out! Ah! Perfect! Lazeez Shawarma! I love shawarma! 

Only to be met by the most slop food you've ever had in your entire life. It genuinely feels like youre filling your mouth with ai generated food if that makes any sense. Like theres an attempt at trying to create flavour and yet nothing happens, theres no magic, theres not even a moment where you think ""yum"". You just keep taking bites hoping the next one won't taste like TV static.

We as a community need to warn others and be informed to run this place out of business and out of westdale. It is a joke of a franchise and the food is a slap on the face for any poor souls that've never tried it before (me). Its utter trash! It literally robs people out of their money. There are SO many other better restaurants as gimmicky as they may be that can replace it. 

Thanks for listening to my TedTalk. Please remember never to try Lazeez Shawarma and never to spend a penny or even a minute of your time at such a piss poor quality franchise. Your pocket and tastebuds deserve better. ",D
182,"I’m currently not doing as well as I’d like in biology, with an 85 average. I’m considering retaking the course next semester through night school to potentially boost my grade and include it in my top six. Would universities, specifically McMaster and Queens (since I’m applying for Health Science and Life Science), penalize me for this?

I’ve read online that retaking up to two courses is generally fine and that night school/online courses are accepted, especially since we’re required to take two of them. However, I’m worried this might impact my chances of getting in. I do have a solid understanding of biology, but I struggle with test-taking, which is affecting my current grade. I believe my foundation for university-level biology is strong, but I’m unsure if retaking the course would be viewed negatively or if it would actually help my application.

I'm sorry for asking about admissions, as I know it’s a common question, but I’m really trying to make the best decision for my application. Any advice would be greatly appreciated!",F
370,"hi!! it's a bit concerning that i literally can't find any info on nocats on reddit, but i need advice! any tips for making nocats easier?? i feel SO lost lol how does the marking work &lt;/3. and if you're comfortable sharing, do you rmbr what you got on your nocats, and what your final grade ended up being? 

thank you so much!! 

",S
519,My tutorial just says GS [rm number]. Is the GSB the right place??,M
635,"Hi to the girls on here! 
Where can I find manicure places in hamilton that is not too expensive. 
Id like to be able to get my nails done once a month and my budget is around 50-100$ ",M
223,"Has anyone had the same experience with a prof,

I am in a gender and religion online class, I transferred into the class on the night of 14th. There was a week one module due the first week of class with a comment paper worth 7% I believe.

I was not present for the due date as I was not even enrolled yet, all classes I have been in did not assign assignments first week due to this specific reason as students move classes until week two. 

After I email the prof  I was told that the syllabus has been on the religious studies website since the beginning of the term and it is my fault, and that time management is an a important part of this course and if it does not work for me then this course is not for me? Like what? I wasn’t even registered in the course till week two… 

I guess it is my fault but if I’m not registered in a class how am I expected to complete that given assignment and hand it in if I do not have access to it on avenue. 

I’m wondering if you guys that transferred into classes during the second week were able to complete substitute assignments due to late registration. I’m gonna just accept it but thought it was pretty odd as I’ve never had this happen in other classes I’ve registered late into. 

",U
591,Hey just trying to find out how is this COMPSCI course and the difficulty level. This term Dr. Maccio is teaching it and I am trying to figure if I should take this course while being in a work-term. I know that the equivalent SFWRENG course happened last term Any advice?,M
893,"I never try Matlab before, but I do have experience with Python. Is this course supposed to be a easy course?",M
870,Is it a fair 12 with effort ofc? What about compared to physics 1a03?,M
561,"So I haven’t got back my Econ 1bb3 grade back and it’s honestly really annoying and stupid since the exam was on a scantron. A couple days back the prof sent a message on avenue that it’s still in the works and “they have to go through multiple layers of approval” like there’s actually no way. My problem isn’t that small however, the real issue lies where I have 2 courses this term that have this course as a pre req and in all honesty the exam didn’t go well for me so I don’t know if I passed or not. Also The last day to drop and add courses is tmrw and it would be nice if it comes out today but even right at this moment it’s not so if it’s not out by tomorrow I’m screwed. 

Edit: it’s finally out ",M
467,"Really enjoyed learning about orbitals and hybridization in high school and chem 1A03, and was wondering what upper-year courses I should take which would get deeper into specifics?",M
602,"I am taking Psych 1F03 and I need to get a text book and handbook. due to all the expenses I have already made purchasing textbooks, lab manuals etc for my eng program I don't think ill be able to buy the handbook as it costs almost 60$. does anyone know where I can find it online?",M
1150,im not an ra and i live on res too but yk just think about it. ik its annoying but if the ras aren’t there basically anyone can come and enter… like ANYONE which could be unsafe. I went to my friends res at uw one time and there was no security whatsoever. I could’ve easily brought dangerous shit etc,M
176,"This is the delivery image, does anyone know where this is? Thankyou",M
997,Skip lecture but let prof know,M
648,I was wondering how people found the tests and exams last sem,M
605,Title. I’m in intramurals but lost my student card. What is the procedure for this? Is my drivers license fine?,M
458,I have commerce 3FI3 does anyone know how easy or hard it is. Also the professor is Siam is he acctually really bad? Cause thats what rate my prof says,M
536,"if i got 76.58, would it round to a 77/ 9? i’m assuming it would but since it’s for 1p13 the coding section then i’m not sure how they would calculate it … or do they just average all the percentages of all “units” at the end of the year? ",M
395,"Does anyone have any advice for Mac's PA program supplementary app? I know it's released in February but is there any general advice or what to expect for it? If you'd like, please PM me!",M
163,"hi! i'm trying to switch into the honours math+cs specialization next year and, since i'd have around 27-30 units of elective space, i was thinking about doing a minor in either physics or chem. i'm really interested in the applications of math and computer science in scientific research and was wondering which minor might set me up better for that. i already have chem and physics 1a03 and 1aa3, so i think i'd have to take 6 more courses for either minor.  
although, i'm also realizing there are a lot of interesting upper year math courses that i'd like to take which i might not have space for if i did a minor :/  
would it be best to go with a chem minor, physics minor, or do no minor to leave space for more math courses? i'd also appreciate any advice on the math+cs program in general lol",M
248,I feel like anytime I see someone's hand raised in class the professor never notices them. They ask the class if they have any questions then just look straight at the floor walk to their laptop change the slide and continue lol. Anyone else?,A
655,"especially when the content isnt on the midterm, how do you make up time for studying it without feeling like ur wasting time not studying for ur midterm???

give me ur secret cuz to understand a lecture i need to look at content before the lecture starts, and study it after, so i never get time to study my actual midterm content.

so if ur one of those ppl who also need to post study lectures, pls help tell me what to do cuz once a midterm finishes ill be so behind on lectures ive skipped to study and stuff.",F
1081,CA Interviews came out today. Check your Outlook email,M
863,"Hi everyone, 

If anyone knows any level 3 or above courses open right now please let me know. I’d appreciate any help!! ",M
377,"Planning ahead for next yr, but are there any easy electives that are only offered online during the fall/ winter terms that are years 3-4? ",M
414,I don't wanna freeze in the cold lol,S
74,I had an anatomy lab and I got some blood on my lab coat. Does anyone know how to wash the lab coat?,M
113,"I’m a second year student in engineering and I’ve finally found a prof willing to act as my supervisor for my NSERC application. I’m a little nervous on what my chances are since I don’t know how competitive the applications are, I have a really good CGPA (11.8) but I’m not sure how much of a role the faculty/project side of the application plays a role. Is there anyone who’s gone through the process before and knows how hard it is?",M
588,"Got injured recently and I'm interested in people's opinions about profs recording. I think refusing to record is bass ackwards and the only thing it accomplishes is punching down on students, especially those who already struggle. Thought I would ask and include some other course models I've seen.

[View Poll](https://www.reddit.com/poll/1i03ewx)",A
995,"So I have my Calc II midterm on Monday, Feb 10 from 7pm - 8:15pm, however I also have my Innovate 1z03 lectures at the same time from 7pm - 10pm (realistically more like 8:30pm but the ending time doesn't rlly matter). I know I could reschedule for an earlier time but can't do that either bc of other courses. Should I skip the Innovate lecture or MSAF the midterm?",F
392,"Did anyone not take gr11/12 physics (like me) and manage to 12 the course, if so how and where do you get more practice. Thank youuu. ",M
104,"Hi, I'm a second year engineering student, and because the industry coop search isn't going well, I reached out to a few professors one of whom is showing an interest in continuing with a research internship for the summer. The problem is that he recommended I go through with the work study route instead of NSERC because it's fairly competitive for 2nd year students. I worked a couple of job last summer and managed to pay tuition out of pocket this year, so I didn't apply to OSAP before the Fall term. Instead, I applied to OSAP last week and just received confirmation from them this morning for a loan.

The problem is, however, when I go on AwardSpring the work study program says ""not qualified"" for the winter term. As far as I know, I've met all the requirements by being eligible for an OSAP loan. For the internship, I plan on working during the Summer term, and I understand that the work study application for that opens in March, but why don't I qualify for the Winter term's work study? I'm trying to reach out to the office but they're only giving me that stupid chat bot which is useless.

My second question is if I qualify for the loan, which I have, and choose not to take it, am I still eligible for the work program? The wording on the info page seems to imply this to be the case, but it's still incredibly ambiguous.

  
I appreciate your responses.",A
114,"Hey yall! 

So a few months ago I made a post on here about wether or not there were any clubs for car enthusiasts at McMaster.  I got a bunch of people saying that theyd be interested in one if it existed,  but as far as they were concerned there wasn't an established club on campus. I have decided that I want to start one given my passion for cars along the interest people showed in it. I was wondering if anyone knew the process for doing something like this? 

Thanks!!! ",H
419,"If I drop a course now, will I get W on my transcript?",M
502,"I found a dragon pendant on a leather necklace on Sterling by the entrance to campus — if you can tell me the colour of the inlaid stone/ any other details about it, let me know and I’ll get it back to you :)",M
459,"Hey fellas, if anyone has the course pack can you please send it to me, I will love you forever, ty. ",M
411,"4th floor womens bathroom in Mills. 
Everytime I come in here its always a mess 😭 
And you can't see in the angle but there's dirty tampons in the corner behind the toilet......
Literally how does it become this",S
92,"There’s no reason you should be smelling that bad at 9 in the morning, pls I understand if you’re facing difficult circumstances but otherwise pls pick up some deodorant and body wash, pls, they have it at dollar tree, pls, why is the smell making my eyes tear up, pls be more conscious 🙂🫣theres no reason you should smell of teriyaki and BO mixed together ",D
582,Can someone who has lived here tell me how it is? Is it worth the high rent prices?,M
89,Hey everyone! does anyone have notes for this class for the upcoming midterm to study for or that would like to work together to make a master doc for the midterm between lectures and the textbook? I'm having some challenges with these weekly quizzes idk if its just me or the questions or so specific so I'm kind of worried about the midterm :( Would appreciate the help!,S
336,If u come across these in a small black case pls lmk i miss them,S
1188,if its with xu I would suggest you start praying,F
1118,"Hamilton has SUCH incredible food let me give you some of my favourites.

May’s Thai Kitchen. My favourite Thai food in Hamilton (Pintoh’s is good too) run by an older Thai lady who is so lovely. 

Hamilton Farmers Market. Mays Thai Kitchen is in HFM and honestly I love that place so much. So many family owned businesses that love what they do. Lina’s pastry has some fantastic Portuguese tarts

Namu in Dundas. Asian fusion spot with a really thoughtful and delicious menu, a nice dinner spot 

Le Tambour. On the pricier side, good for a special occasion everything is delicious 

Mai Pai. Bit far but worth the commute, my favourite pizza in Hamilton by far (sorry Cowabunga) 

Miss Lyns Wings. Family owned spot with fantastic chicken wings. Another great chicken spot is Golden Tenders can’t go wrong with either 

Close to Mac, my favourite will always be my beloved Nannas in Westdale. Hungry Donkey being a close second.",H
1130,I did test one for this class last term without reading the textbook and I got above a 90 with just my cheat sheet so you should be good. this didn’t work for the other tests or the exam tho unfortunately…,M
1062,"Ok so like even though I did physics in grade 11 and 12 physics has always been one of my weakest subjects and I have the midterm next week and I’m low key panicking. Like I don’t even know which topic I should start studying from and the Lon capas do NOT look like what we’ve been going over during classes and I’m freaking tf out!!! 

Can someone please help me or give me some advice pleaseeee",F
625,"Hello everyone,

I recall seeing a post (by MSUclubs) recently regarding how to sign up for an info session at Bridges (or a similar venue) about using Bounce for clubs. If anyone has the details, would you mind sharing the story or providing the application form again? I’d really appreciate your help. 

Thank you!",M
917,"Im 19 and looking for full-time until i go back to school (needed a break for mental health reasons), ive applied to like 10 different departments at fortinos and all of them got denied. So many people near my age and old peers that i even went to highschool with work there. How do people get chosen? It feels like its so complicated for no reason. I'd say i have a very strong resume and coverletter and hard/soft skills with no AI use on either but still, i never get picked. is there anything else i should do? fortinos is the only place i seriously want to work at.",S
866,Do we need the textbook to 12 the course? I'm also thinking of the exam only stream so is the texbook helpful for that?,M
94,"It’s called “bring a tissue to class” and the goal
is to avoid sniffling and disrupting everyone’s focus by being prepared. You’re allowed to go to the washroom to blow your nose too, no problem. All the cool kids are doing it. ",A
11,"yesterday i spent like 3 hours fantasizing about the different types of furniture, specifically couches and chairs, that I would buy when I'm older. I was excited while browsing refrigerators. I was thinking about the types of rugs I would order. I spent a good 10 hours browsing vacuums with my mom. I quit weed. I don't drink anymore. I am excited about antitrust now and was decently happy while browsing boring ass account sheets for companies. 

My friend was talking about wanting to be a dinner party adult instead of a rock climbing one. We both wanted to be 6AM runner adults. It's over. I am cooked. I can feel the responsibility bleeding into my life.

Enjoy this time when it lasts. Otherwise you will become like me. ",M
398,"I deferred one exam from the fall semester and everytime I check my exam schedule nothing shows up at all, is this the same with everyone? What steps should I take to fix this ",M
649,Does anyone have a link to the PDF version of the natural disasters textbook? Much appreciated!,M
42,"I’m applying to McMaster undergrad engineering and I just completed my Interviews and I feel I did very poorly on 2/3 of the video ones, but am very pleased with my written. I have a 94% average for grade 12 courses and am just wondering how much of an impact the interviews will have on my application?",M
167,"Hi! I’m trying to find a room to rent and I’m having a hard time finding places. I know I’m supposed to go be looking on marketplace, but there aren’t a lot of options

Did I start looking to late? Am I not looking hard enough? ",M
418,Does anyone know anything about Math 1LS3 with Yi-Lin Tsai? What are they like as a professor and how does it compare to taking the course with Dr. Clements? (She is not an option this term but I have taken a math course with her before),M
951,No McMaster will not be closed tomorrow,M
428,"First year eng 1, didn't do too well first semester (two B and a C+, no elective bc of transfer credits from high school), and I want to go into computer engineering preferably but open to any other stream (except mech). ENGINEER 1P13 isn't finished rn, but I've been getting \~80-85s on the major assessments. I didn't think too much about the future, assuming shit would just work out, but I've been looking more into my actual future and am I fucked?

Computer engineering cutoff for second year is like a 10 and my average rn is around a 7 (2.8ish GPA). I want to find a co-op or internship for the summer, but I didn't manage to get into a career event first sem, which is required to finish the ENGINEER 1EE0 course, which you need to access co-op postings (yeah, I know, HUGE mistake, but I thought finishing it second sem would be better because the lines to get into the events first sem were super long). My GPA isn't even good so I won't be getting a co-op either way ig.

I do have quite a bit of side projects and skills in software, eg. Python, HTML/CSS/JS/TS, C, C++, and a bit of Rust, and I have work experience in a lab from high school, as well as some part time busywork stuff in a family friend's store, so my resume looks alright I would say for a first year, but I think the 2.8 GPA is just too major to overlook.

I'm trying to lock tf in for the second sem, but it's even worse than first semester. Going off the first physics LONCAPA, which I couldn't even finish, and whatever the hell is happening right now in the physics lectures with the integration and the electrical fields, physics is magnitudes harder than first semester, and the just generally upped difficulty on the other courses, I'm not sure if I can raise my GPA at all.

Does anyone have any idea where I could shoot my shot and try to find a co-op position when I don't have access to the OscarPlus application portal? Also, anyone have any tips for getting a good GPA for second sem? Thanks for listening to my rant.",S
1078,"look at the positions that are open right now and see if they require specific degree, talk to career counseling",M
1160,Finally someone says it. Their shawarma is as dry as my DMs. My roommate hoards Lazeez in our dorm and it stinks up the place like a bathroom at Chipotle.,D
1193,"If you commute you’re probably aware of these problems and might’ve just accepted them. Have you been on the waitlist for 8 months? That’s not an unfortunate accident, Lot M is half empty every day. McMaster makes the bulk of its money at Lot M through the commuters that are not on the waitlist. If you get off the waitlist McMaster loses money. You will keep playing $8 a day until someone else can replace you on the waitlist as their cash cow. And the waitlist resets yearly.

This is bad enough, paying $160 a month for parking at the uni you already pay massive amounts of tuition to, just for them to pocket the money for profit. If you aren’t convinced Mac doesn’t give a fuck about you and is taking advantage, here’s another lot M anecdote.

A couple months ago the machines suddenly, due to a “bug in the system” (parking employee) charged $12 for lot M instead of $8 for two days. This isn’t much, true. But McMaster charged this amount, never addressed it, never returned it. If we assume 1000 people came into lot M those two days, that’s about $8000 extra. Not a small amount. Money that could’ve improved the shuttle busses that have gotten shittier and shittier, or payed the shuttle drivers more. It 100% just became surplus (illegally accrued) profit.

The commuters are easy to take advantage of. We’re a formless mass of people with no unity, and McMaster will take advantage of you for your whole time here. Bring these problems up to whoever you can! Your MSU elects, CUPE, anyone who has ears. Every problem at the school we acknowledge and work to fix will benefit the students, profs, employees (everyone but the upper administration and shareholders). Set a good precedent and don’t let yourselves get walked over, even in the seemingly small issues! For profit they will step on you.",D
632,pls pm me or reply under this if you're willing to trade i got the goated group and lab times for you!!!!,M
257,"For those who have attended this for course requirements pls answer some question 

When you go to the event do they ask for registration information or attendance? Or do you just walk in to the event you’ve registered for? ",M
335,Did anyone else answer all the iclickers but it says that you didn't answer some of the questions??? ,F
15,Can an ra or someone who knows an ra tell me why they’re here every single week from Thursday to Saturday?? It’s so annoying I can’t even bring friends that go to mac and it’s 1 friend per person…. Like why do I need to hunt down all 3 of my roommates to have people over for an hour on a Thursday night. This only happens at mac too like no other school is doing this,A
994,still there! MAKE SURE u have money on your account!!,M
324,"I have a room available for a female McMaster student, 10 minutes walk from campus. For the spring/summer semester only. Pm for more details. ",M
1119,Menya Kyu has some fantastic ramen,H
222,"About a week ago, I received a ticket for not paying for parking. This ticket was justifiable, so I don't have anything to complain about.   
  
Now, as I was leaving campus 2 days ago, I made a legal emergency stop to go pee for probably five minutes total. I notice that stupid yellow ticket on the dash because I had ""no parking area"". I didn't obstruct anything, I didn't stop anyone from going anywhere, but these parking officers for some reason have to ticket me for it. 

When I go to appeal it on the website, I notice that i have TWO tickets. Turns out a different officer ticketed me BEFORE the ticket I saw on my dash.

Now when I go to pay these tickets on the website, even though I appealed both of those, I'm still FORCED to pay for all of them even though only one is due. The website literally does NOT give you the option to pay one; it just holds a gun to your head and forces you to pay all.

",A
179,Has anyone been accepted to an exchange destination while being slightly under the cutoff? Applied to a school with a 8 requirement that has “good availability”,M
1183,"Hey man, at least it’s the nice parts of life. It’s worse when you surrender your soul to the realization that you’ll never escape capitalism",H
524,Is this course manageable with a heavy course load? Also is it 12’able and how is it like compared to English 1F03,M
22,"Hamilton is actually a really solid food city

There's a lot of lovely places in Westdale (Saigon has fantastic pho, Paisley is expensive but really solid), and downtown I've been to a few great spots, like Wass ethiopian, Cowabunga, etc  
But I would love to hear some of your personal favourites",U
358,"Hello, has anyone gotten an acceptance for McMaster’s Masters of Science SLP program as yet? I am eagerly waiting after not getting into their psychotherapy program and was wondering if they’ve sent out acceptances or if everyone is still waiting. Thank you!!",S
688,"hey guys! i’m currently in my third year of english and im in HISTORY 3DF3 but i want to drop it and take something else relating to my major. do you guys have any recommendations for classes i can take that also don’t have a final exam 😩 even if it’s history i don’t mind, i just don’t want this class anymore. ",S
1057,I’m on coop rn too and have no clue what’s going on. You’re there to learn; companies do not expect much from coop students. Just do your best and put forth a genuine effort.,H
341,I am in 2nd year comp sci and applying for co-ops rn. There's a lot of 8 month options that I think I'd be good at but I swear I heard from somewhere that you can't do more than a summer co-op until 3rd year. Is this true or am I making it up in my head? (Also if I take an 8 month from May-December I'll almost 100% be taking another 8 month January-August cause otherwise my schedule would be hell on earth).,M
433,Does anyone have a pdf version of the 2024/2025 Math1LS3 Coursepack? ,M
1127,Go to Dundas. Lots of options.,M
1029,Lol after the quiz results jw if anyone is in this class and would like to talk/be friends?,H
203,"Hey guys I saw that the bursary application deadline passed but I did not see where to apply for it the past few weeks. When I opened award spring, there’s was only the application menu that I’m assuming is just for scholarships since it doesn’t specify? Are bursaries something we can apply for every year? Or is it just for first year? Thanks!",M
1139,"My chickens do the same, its always cute to see geese comfortable around people to the extent they sleep surrounded by them.",H
93,If anyone has taken the course before I'd appreciate some insight. I've been putting off buying the textbook because it's on the pricier side and I was wondering if I can go without lol? ,M
580,New th15 (max14) anyone got a clan for me?,M
68,I haven’t found any methods to study. How do you al study and do memory work? And for exams and everything? Any help would be appreciated. Thank you! ,H
642,"I was thinking of switching physics to the spring term instead of the winter to lessen my course load. I was wondering what the layout of Physics is in the spring term. Is there a synchronous online option or is it in person? I can't seem to find the spring course outline anywhere. For background, I haven't taken any high school physics courses and was wondering what the smarter decision will be. ",M
284,"Hello, if anyone has any past studying material or last years midterms and/or exams for the following courses; chem 1e03, math 1ZB3, Physics 1e03, it would be great if you could please send it to me, thanks. ",M
1000,"Personally, I just try to do as many practices questions or practice tests as I can as it’s the most similar to the actual thing - another thing I realized is that active recall helps a lot, especially for memorization I would just talk to myself or record a video of me explaining concepts and definitions out loud!",M
436,"Since all the other posts like this are super outdated, could we get an updated review of some good/fun upper level math/stats courses?",M
153,are the modules enough to do the quizzes or do you need to watch the lectures as well?,M
75,"I’m torn between keeping this course or withdrawing. I’m honestly somewhat intimidated 😭 my only issue is if I drop this course I’m sitting at 27units to apply to my level 2 programs. I’m really trying to keep up with the modules, studying everyday, but I don’t know how well I’ll do in this course 🥲 advice please ",S
1163,I heard the new owner abuses employees and hold off paychecks.,D
448,"Long story short, I only applied to Schulich, TMU Accounting and Finance, and Yorku bcom as a backup. Got into yorku so far but I wanted to ask if Mcmaster business is worth it for accounting? The thing is, It’ll take me roughly 50mins-1hr commute from brampton to tmu and 1:30hr commute from brampton to mac. I’m going into accounting so If anyone can give me actual advice, especially since I’m commuting and the apps close in a couple of hours 😭, I would really appreciate it!! 


PS: Due to some things, My advanced functions grade dropped significantly and I will have to take it in night school for a better grade. I’m expecting my grade range to be in the high 80’s AFTER the redo so if I can make it into Mac, i’d like the info! ",S
188,"Hi does anyone know how to create flash cards on quizlet (or a method you use) with lecture notes taken on an iPad on OneNote?

I save the slides onto OneNote and write lecture notes like that and then have been typing up flash cards, however that takes way too long. 

How do you guys create flash cards in a more efficient way?",M
271,I want to be able to bring my own tea bags for when my thermos runs out. Are there any kettles that students can use on campus? I know there are hot water taps in the food service centres but I don't know what the policy is at those places and I don't feel like paying for it.  ,M
236,Does anyone have these kind of resources that they reliably used? Would really appreciate if anyone could share them 🙏🙏🙏,M
489,"Genuinely are you guys okay in ur head, literally so embarrassing and also think about the privacy issues. Just give it in, no need to post it on snap and then be like oh I put this in the lost and found LIKE THEYLL BE ALERTED when it’s given in. ",M
117,"For the learning portfolio I made my own website from scratch, made all the images, added other features and stuff and somehow I still did poorly 💀

For the computing section I added additional stuff, had others check if it did as expected. And still did poorly.

I haven’t done a single thing in this course well. Not even the milestones. Which is crazy because my individual code was apparently very wrong and terrible but when I coded the entire team thing myself and we submitted it as if we all did it somehow it’s perfect with no issues.

Im ngl Im not going to put any effort at all this semester as Im starting to feel like effort and grades are inversely proportional in this course. I pulled all nighters to finish coding that stupid fucking “””portfolio””” to get so low. Does anyone have any tips? ",A
1014,"Guys how do I log in into MacDrive, it’s asking for email and password and it’s not working…please help!!!",F
515,Anyone else having trouble logging into Oscarplus these past few days? Its been so clunky and slow for me,S
1146,"How long for MC to come back, how long for SA grade to come back… generally speaking? ",M
959,Snow days aint gonna change midterm dates,M
126,Hey! As the title states I’m stuck taking Chem 2OB3 this semester and am hoping to find someone willing to tutor me. If anyone is interested or knows someone who also knows mac’s curriculum please let me know! Thanks :),M
116,"Hey guys, I will be doing my casper test feb 6th. Do you guys have any tips to go well? how is the test format? Should I study? Do you have any example? Thank you so much, that is new for me and I feel kinda scared",M
475,i’m selling mine if anyone is interested,M
927,"Does anyone know if you can volunteer at Mac's women's health clinic, and if you can, who do you contact and how? ",M
57,"Hey there everyone, I’ve applied for McMaster Engineering and Computer Science and I need to complete my supplementary application by tomorrow at noon. Do you have any advice? Are there any specific buzz words I should be using? Should I be smiling during the whole interview? Anything helps!",M
1019,Practice speaking infront of a camera like you are making a youtube video,M
1108,"which t.a and also prof said there was an ""egregious incident"" in the lecture like 3 hours ago",M
371,I left my lanyard and key in one of the bikes yesterday by IWC. Please let me know if you’ve seen it,S
268,anyone know any volunteering or some clubs to fill in free time? I wasn’t here during first week on September so it’s hard finding clubs that aren’t in MUSC,M
46,"yall why are u in CATS if all ya wanna do is yap with ur friends..why not use other spaces in mills if thats what u want to do

there are literally multiple signs saying “quiet area” and “no talking zone” 

respectively… shut up 🫣",A
351,Am i cooked? During my interview my clock rang mid answer but I still powered through. And I think i made a spelling mistake on the written question. Pls answer. Does this hurt my chances?,F
195,"is there a department of biology academic advisor set for students within the department of biology, or is it the general faculty of science academic advisor office in bsb? I need to speak to an academic advisor, any help would be great!",M
1199,Fuck that I would call them out to their face,A
1030,"Seeking one female housemate to join 6 other girls in a shared home for next year!

- Spacious 7-bedroom, 2-bathroom house
- Just a 5-minute walk to campus
- Rent: $950/month

Let me know if you’re interested and I’ll provide details!",M
885,"is anyone else taking this course? if so, are the lectures recorded or not?",M
931,"More specifically their admissions office, i've emailed 2 of the email addresses they provided and haven't gotten a response for weeks despite following up a couple times. I also ended up trying to call them and their number seems outdated and immediately tells you to just email their admissions email. Is anyone else going through this too?",A
263,"Hello!!! If anyone lost their keys in the past few days in bistro to go, my friend found them and gave them to housing and conference services. ",M
445,"Title. There is already a Mac F1 Club for F1 fans which has tons of members. How many people would be interested in this type of club for the NFL? Essentially to talk football, talk trash about other teams, talk sports and have a huge fantasy football team next season. We could maybe create a flag football league without fees or something of that nature.",H
956,For a couple inches of snow that happened… the day before?,M
304,Have any returning or new CAs received invites for interviews yet?,M
342,"If so, can you please send me your notes? We can discuss in DM's for emails and whatnot.

  
Thanks!",M
1191,"You all get a 12 in bus etiquette. Beautiful work. Every seat was filled, all the way to the back. Bags were on laps or on the floor. People even stood at the very back of the bus!! Nobody blocked the exits and everyone was able to exit easily. I have never witnessed such beauty. May this day go down in history with glory 🙏🙏🙏",H
1166,"rare doge, i usually agree with you but this is by far the most L take i’ve seen. i’m a fiend for Lazeez. it’s scrumptious. granted i’ve only been in a couple times since they got new management, but in past years it has always been banger. maybe the new management is to fault for the decrease in quality 😔 regardless i &lt;3 lazeez.",H
149,"Hi everyone, my two friends and I are looking for a house starting in September, but most lease options we’re finding begin in May. Some suggest subletting as an option, but it seems quite hectic. What would you recommend? When should we start searching, and how feasible is it? Also, where should we look?",M
124,Just wondering if anyone has taken survey of psychology. My laptop has been bugging for the last week or 2 weeks and I’m hoping someone could send me notes they have from the past ,M
981,pretty much i’m a dumbass and missed my tuition deadline. what do i do in this situation?,D
1137,Cutee! A lot of birds stand on one leg and rest their head on their back- it looks weird but it just means they are relaxed or resting.,H
50,has anyone ever taken this class? i want to take it for spring/summer but i want something that’s not a heavy workload ,M
355,"Subleasing my 10 bay apartment.  ‼️‼️‼️ASAP‼️‼️‼️

\~!!!PRICE REDUCTION!!!\~

!!1400 instead of 1540!!

Female only

For lease starting from February!!! Short and longterm 

Shared apartment (1 roommate) with private room

My rent is 1540$ a month, willing to lease for 1400. A price can be negotiated!!!

All information can be found here: [https://housing.mcmaster.ca/10bay/](https://housing.mcmaster.ca/10bay/)

Text or call: 19057456294

https://preview.redd.it/rmsovd7t4zde1.jpg?width=4032&amp;format=pjpg&amp;auto=webp&amp;s=c9570deec83485958f2c301d2078a426196597a6

https://preview.redd.it/9ytxdb7t4zde1.jpg?width=4032&amp;format=pjpg&amp;auto=webp&amp;s=6bd0d45f19497b8a26f5380fed53589c099d16d3

https://preview.redd.it/ugin6c7t4zde1.jpg?width=4032&amp;format=pjpg&amp;auto=webp&amp;s=3253d275e3cd2b352ea987509b18a847fc5a79c1

https://preview.redd.it/1qo2ad7t4zde1.jpg?width=4032&amp;format=pjpg&amp;auto=webp&amp;s=f83f6d5fb6bd6064aafdff28fffae5b2f4f58b5a

https://preview.redd.it/zvmfmf7t4zde1.jpg?width=3024&amp;format=pjpg&amp;auto=webp&amp;s=258861a4d27b35cf600ee8a1664b7b6af1365a38

https://preview.redd.it/7n8j8i7t4zde1.jpg?width=4032&amp;format=pjpg&amp;auto=webp&amp;s=ef1abee8598aafb195d13e1443931873fde5ffb6

https://preview.redd.it/pwgfyn7t4zde1.jpg?width=3024&amp;format=pjpg&amp;auto=webp&amp;s=c2e6eb045d80b43f5473cf833fb8ffe9eb9d0390

https://preview.redd.it/qvlb8f7t4zde1.jpg?width=3024&amp;format=pjpg&amp;auto=webp&amp;s=1cdc18337469fa5b1e1ed12d40d8c9c80d689b56

",M
1124,"The arch noodle house right near campus is SO FUCKING GOOD. I go there whenever I can. They don’t accept meal card but it’s so worth it, the ramen they have is so good, the udon is even better, the RANGOONS???? ugh. It’s just so good. It’s not too expensive but it isn’t cheap either, but the food portions are pretty huge so I’d say it’s worth it. My personal faves are the vegetable fried udon and the hot sesame noodles with a fried egg on top.. I’m craving it right now as I type",H
142,"Would anyone be able to give me three notes from classes I’ve missed, I’ve been very sick and no lectures r posted 😔",S
472,"Do yall know any places willing to take in a 19 year old with a free schedule ? Or your first jobs ? I have no experience and I want to work full time, but I’m willing to settle with part time if necessary. I’ve tried grocery stores and fast food places but heard nothing back :(",S
401,"Hi! 

I’m currently a female in a double room in PG. I have both medical and religious accommodations and am trying to move to a single room. Would anyone who is currently in a single room in any residence building want to do a switch?
The roommate living here is super chill and nice. I’m just having issues sleeping because of my medical issue. Let me know if you’re interested! 


Thank you xx",M
940,That someone recognised my Furina sticker. And first math test was a breeze truly how are you alls nights going (real).,H
320,What are they like? What to expect in that tutorial?,M
19,Hey everyone!! Anyone who took this class before have any advice for the midterms? I have this class with Dr. Mac !! I’m really enjoying it and look forward to our lectures. She mentioned we have 11 Fill in the Blanks - how did those go? Are they very difficult since there’s no word bank? Any help would be really appreciated! Thank you! :) ,H
1005,"When on a coop, you’re enrolled in a coop program or course. if you have passed the deadline to withdraw from a course other than your coop course , might have to pay fine",M
985,U can still pay ur tuition ur just gonna get a late fee added to ur tuition,M
1004,"I have found a co-op but if i decide to withdraw from a course would my co-op be revoked.
Any help is appreciated,
Thanks",M
409,Have a celiac student who is wondering if they can live in residence with the food plan. Also wondering if there's apartment style residences and if it's possible to get placed with other celiacs.,M
540,"I deferred one of my fall term final exams, but the course I deferred disappeared from avenue to learn. I no longer have access to the course materials but I need them to study. I don't really know anybody from the course too. Do you think I should try emailing the professor? Would they be annoyed?",f
640,Please lmk if you're going to drop this course!,M
38,"How can a student put in a maintenance request because I simply cannot anymore with this fan vibrating in increments that somehow are timed at the exact moment anyone tries to talk 

Like I’ll go fix it myself gladly I just need someone to pitch in a ladder pls I can’t take it ",A
175,"Hey I’m on a search for a roommate or two, preferably 5th year or grad (just for the age), looking to rent an apartment. 

Budget and other things can be talked about after. PM to see if we’d be a good fit :D ",M
245,"Both a PSA and call for help. I am on meal plan trad A and currently have $1487 left in my account (which is actually $2974, because every time you pay half comes from this and half comes from the overhead that they took at the beginning of the semester \[no you do not get your food half off, see below\]). I'm wondering where is the best place to buy food, snacks, etc. and stock up to get the best value out of my meal plan without looking like a fiend for raiding everything. Because at the end of the semester, only half of any unused funds get rolled over, not the overhead. You essentially lose half of what's left.

Also, what really annoys me is that the budget includes if you had stayed over the winter break. For reference, there is a budget planner that tells you how much money you should have in your account each week, but it continues to account for the 2-3 weeks over winter break, even though you have to pay extra to stay in res and most students aren't doing this. So now I have about a month's worth of extra money because I went home for reading week and 3 weeks of winter break. Even if I spend the recommended amount of $23/day, I will not come close to using up my money.

From the meal plan website: The BASIC meal account consists of an overhead portion to cover the costs of operating the residence dining halls. The non-refundable, non-prorated overhead portion of 50% of your BASIC meal account will be automatically set aside at the beginning of the school year; however, with every food purchase made at Hospitality Services locations, 50% of the price will be taken from your BASIC account and 50% will be taken from the overhead account in order for you to receive the full value of your meal plan. Any remaining overhead funds are non-refundable and **will not carry forward at the end of the Winter term.**

TLDR: Mandatory meal plan is way too large, want to use my money before half gets lost!",A
1024,"Has anyone gotten an interview offer for a new ca position? I’m not sure if they send the rejections a day or two after, so I’d like to know asap so I can sign a somewhere else ",F
930,"Anybody know when registration opens for 2nd year students?

Much appreciated!",M
1107,Why’re they banning any devices in the labs 🙁 not to mention I don’t like that ta either lmao ,D
1054,"&gt;I don’t even know if I’m in the right career anymore because I can’t think logically like an engineer.

Imposter syndrome is real and affects most people",M
154,For anyone who has taken it how similar are the questions on test to the ones in textbook?,M
287,"Hey everyone,

I’m a first-year student, and I picked Globalization 1A03 as an elective, thinking it’d be chill. But we’re already in the 3rd week, and I have no idea what’s going on. Like… what even is this course about? What kind of info are we supposed to be learning?

There are these weekly readings, and I’m not sure what to do with them—are we supposed to memorize them? Take notes? Just skim? I feel like I’m just aimlessly floating here.

If you’ve taken this course before, please tell me: is this an easy elective, or am I absolutely cooked? I could really use some advice to figure out how to approach this course before I fall too far behind.",F
622,"I'm in desperate, desperate need of switching into tutorial 7 of lifesci 2x03. I have a time slot in the afternoon on Friday but I can't make it anymore cuz it coincides with a research placement. For whoever has that Monday (tut 7) time slot, would anyone be down to pretty please switch with me?",F
573,"Hii! I really need help picking between these two courses. I had a terrible fall semester, and unfortunately cannot mess up my winter, and don’t even think I have it in me to go through another tough semester! Hence, I am trying to lighten my semester a bit. 

I just need some advice on between these two courses- which one is more manageable (I completely understand that both are not easy!) but just speaking content and work wise! Would you say one is relatively easier or better to take in a packed/heavy semester??

Any advice or suggestions would be appreciated!! ",F
938,"Hi, has anyone taken this? Any advice for midterms with Dr. Balshine? What to expect?",M
17,"Hi, just wondering how everyone is studying and any people who've taken this course previously found the course overall.",M
127,"Hello everyone!

I am a fourth year student looking to apply to medical radiation science for september 2025. Medical radiation science piqued my interest so I wanted to apply and give it a try. However, it's asking me to pay $251..... that's more than a masters program. Anyone know why it's so expensive. I'm a little hesitant to apply due to how expensive it is. I remember when I applied to university programs in 2021, they were like $50/program. 

https://preview.redd.it/9hhugf7twlfe1.png?width=510&amp;format=png&amp;auto=webp&amp;s=ff01c7f94b3400fe49142d6157770a7fa41568ed

",M
322,"There's a fan that I'm assuming is broken inside the JHE 376 hall that's really noisy and annoying to hear during lecture. Has this already been brought to the attention of whoever is responsible for fixing it? If not then whoever you are, please fix it 

🙏 Fix it Felix if u can hear us Fix it Felix please save us 🙏 ",A
255,has anyone ever been enrolled into a course after (special exception) after the tuition deadline? did you get a late fee for that?,M
679,"I want to volunteer at CVC but they require a police check. How long would this process take? I wanna volunteer by monday lol, is it even possible? Thank u ",M
1164,Shelby’s paid this guy no doubt,D
190,Hi! If anyone is selling PNB formal tickets I'd love to buy one.,M
115,"Anyone have any tips/ resources on how to approach the theoretical questions for physics1a03?? I’ve always struggled with physics in high school bc I never understood what I was doing and would just plug in numbers into formulas but I realized that in order to to do well, I actually have to understand the concepts and not just memorize everything. I tried watching yt videos but they don’t seem to explain things in great detail and idk what to do since the midterm is next week. Any help is very much appreciated pls😭",M
976,I had an anatomy lab and I got some blood on my lab coat. Does anyone know how to wash the lab coat?,M
610,I can’t see the application on awardspring. Who should I contact? ,M
180,"I'm in first year engineering, and I've been a long time lurker on this sub for a while now but never posted. Just thought I'd rant that the quality of first year engineering students is so bad.

At the start of this year, I thought i'd have passionate discussions with my fellow eng. kids about CAD, robotics, etc. but NO. It seems like the vast majority of first years in eng don't have any passion, and are here because of the $$$, not because they are actually interested in engineering.

I've met people who make me constantly wonder ""how tf did you even get into Mac eng? I think I've lost track of how many people i've met/overheard who literally bragged they took online school advanced functions, calculus and physics because they couldn't handle it in day school. I've met people who pay $20 per month for Chatgpt so it can do Lon-capa, Childsmath assignments , and Matlab code for them. Last night i overheard someone call Dr Childs a f--- piece of s--- because they were furious that they got an 8 in MATH 1ZA3 when they think they deserved at least a 10. There are so many people who don't deserve to be in this prestigious program.

I know this sounds like something from r/iamverysmart lmaooo, but ngl kids are getting worse and worse as the years go by",D
301,"does anyone know if the fortinos on main st has a photo kiosk? i’ve heard the one on dundurn has one, but it’s a much longer bus ride from mac unfortunately. thank you!",M
1129,If you want to 12 the course probably yea,M
929,"Last year there were basic questions with a 1 minute timer asking how many hours a week you spend doing certain actives like extracurricular or sports.  Then u have 3 questions with a 20 min timer each on more specific ones identical to the practice test where they also expect you to right paragraphs. I remember one of the questions was why would degroote be the right school for you. It was all written btw, so no camera or voice or anything like that.",M
918,"Both courses are known for being great bird electives. However, I would like to take innovate 1x03 this summer with my friend, and so that would work if i took sustain 1ss3 this semester. So please pm me if you're willing to do a trade! ",M
1090,"whats happening to dr murrays class
",M
683,"The original price is $60, on sale for $30, contact me if you want to buy it.",M
520,"I'm a first year engineering student, I thought I'm wanted to do Computer engineering but after some projects and reflection I think I want to do Mechatronics more, because I like working with sensors and moving parts. 
Currently I think my grade is enough to get into either one. But I've heard that Mac Mechatronics isn't that good compare to other engineering program. Is that true? If there is any upper year want to share their experience about trons at Mac it will be really helpful!!",M
1184,At what age do you start to suffer from this?,M
45,"Engineer here. I can literally only apply maybe 2 courses out of the 34 I’ve taken to my co-op rn… and neither went in depth enough for me to be able to do anything on my own. 
This is so embarrassing and taking a huge toll on my mental health because I feel like they expect so much more from me and are paying me to be useless. I cried at work so many times now because I feel so stupid. I don’t even know if I’m in the right career anymore because I can’t think logically like an engineer. 
I literally can’t think am I genuinely stupid",S
1105,"mac is not allat, its defo not the end of the world if u don't get in. I like to think of mac like that one shed at the end of Portal 2 in the middle of nowhere (my dorm room is smaller).",H
157,Can I submit a MSAF for two different midterms each weighing less than 25 percent individually two days apart? My first midterm was on Saturday and my next midterm is tomorrow on Monday. ,M
939,"Honestly, I don't really remember much from the course. I remember the midterms were fair. You should know the case studies, main take aways, theories and explain them. I think route memorization of slides would take you most of the way but you should go to lecture. 

The final exam is more specific MC Qs so you will need to know and be confident about fine details.",M
171,"Is there anyone else here who wants to learn how to play basketball? I've never really played it before, and at the age of 20 I'm not sure there is anyone of a similar skill level (i.e. zilch) to play with. I'm afraid that if I try to find a group or smth the skill gap will make me trying out basketball a little futile. Tips on starting a sport late?",F
16,"How long for MC to come back, how long for SA grade to come back… generally speaking? ",M
514,i’m currently enrolled in this course and want to know how 12able it is. i’m also really scared about having to present my work to other people…,M
48,"I sit in the second row, but yet there's always a group of people talking behind me CONSTANTLY. 

No Rebecca, Jake does not have a crush on you now stfu I'm trying to take notes ",A
1171,“taking up precious space in westdale” is so funny but so real 💀,H
1036,"I sit in the second row, but yet there's always a group of people talking behind me CONSTANTLY. 

No Rebecca, Jake does not have a crush on you now stfu I'm trying to take notes ",A
518,"Hey I’m in first eng and lecture c02 (thursdays) and I need 2 more HARDWORKING people in my group😭 if any one is willing to join plz dm me🙏
Thanks",S
1104,"As another commenter said, what's done is done so hope for the best! At the end of the day you'll be okay. If you don't get in, you can try to transfer to mac after first year.",H
482,"hey guys!! i want to get my belly button pierced, does anyone know any reputable places near mac that have deals? thanks!! ",M
283,If anyone sees a student card in the DBAC area please pm me 🙏🙏🙏,F
937,you can do regular life sci and take the extra courses that interest you. lowkey a better idea since sms has a couple of hard courses that I'd avoid,M
676,"I was wondering if The Gkromst courses 1B03 and 2MT3 can fulfill UOFT med and dental requirements for social sciences and humanities. On the websites it says classics are accepted and I know these courses used to be considered as classics, but im not sure. Any help would be appreciated!!",M
225,"Hey, does anyone know if CA interviews have gone out yet? If not, any guesses when they might come out?",M
26,"
holy mother mary i did so incredibly ass on that please someone tell me it doesn’t matter. 

Genuinely I couldn’t say a single word. Like not a single thought came to my mind. I was so stuttery, couldn’t get any point across. there was 0 detail to whatever i was saying. it was very bare minimum. 

my written response was good though. way easier for me to think straight and get a point across when im writing. and im generally a good writer. 
but the video responses….. absolutely not. especially with the fact that we only get 1 minute to prepare. pisses me off tho cus i have good vocabulary and i’m able to properly articulate my thoughts when im writing or even when speaking as well as long as i’m calm and don’t feel like i’m put on the spot. 

that supp app does not represent me at all. if u spoke to me irl it would be incredibly different. like bye buddy i couldn’t even tell u my favourite color. i literally said NOTHING in those responses. my vocab was CHEEKS. that isn’t me. i’m never that nervous . 

my life is over now ggs. mac was my top pick i didn’t even apply to any other good schools. i love mac. mac is my dream. mac is the light at the end of the tunnel. mac is a shooting star, glistening in the darkness of space. mac is a warm campfire on a cold summer night. ",S
977,Nice try the cops are one their way,H
439,"I feel really shitty.

I have a weird relationship with birthdays. I say I don't like mine. People usually forget my birthday. My parents are either disengaged from my life or in their own heads. People always talk about self love and remembering that ""you are loved"" and everything but no one talks about how to reconcile with yourself if you're genuinely not. I am not loved. That is a fact. If I dropped dead tomorrow I guarantee you no one would pull up to the funeral besides my parents (they wouldn't miss me - it'd probably just be an awful reminder of how I was another strike in their ""life of failures"" - never living up to what they wanted). No one remembers me. I know I'm not the center of the universe and that everyone's busy with their own lives but it doesn't feel great to be an afterthought in everyone's lives when you go out of your way to try and make other people feel loved. I'm not angry or bitter, I'm just tired. Maybe I'm being too sensitive about this but I genuinely just want to be loved. Considered. Remembered. I know I should just develop a harder heart and not care whether or not others acknowledge me. I just feel so bruised inside. When you're the one that slips through the cracks again and again, sometimes you forget that you can catch yourself. Sometimes you don't care enough and become someone who can be thrown away. I know I need to get my problems sorted out and talk to someone about how my entire self perception is based on the value of how much others find me worthy but I genuinely can't fucking afford therapy. I know this post was rambling and pathetic, I just needed to get this off my chest. I'm sorry you've read this far if you have. 

TLDR (?): Happy birthday to me. I'm gonna spend today figuring out how to convince grad schools that I'm not a failure while pushing down my self loathing and buy myself a coffee from Williams I guess. ",S
1148,"Yea they come same time, but last semester for test 3 Clement’s showed us the MC average early",M
366,"Hello!
Looking to sublet a furnished spacious room to one girl for $680. The house is a 10 minute walk from campus and a 10 minute walk to food basics. The room is on the main floor and very clean and new. From May to August!!!",M
229,"Been thinking about this for quite some time now. It’s still a thought in progress.

People have been complaining about on-campus food being overpriced, while I’m here internally complaining about possibly not being able to spend the majority of my meal plan money (\~2k) before the year ends. I’m aware the remaining balance gets carried over to subsequent years without the for-the-sake-of-it “50% first-year discount,” but I’d rather just make the most of it while I can. 

This is a pretty impulsive thought for the time-being so I’m not exactly sure how to approach or execute it yet, but I suppose I’m honestly down (albeit also somewhat hesitant) to buy anyone food if need be. My main concern would be coming across trolls or unserious people who are just looking to fool around. I wouldn’t say I’m entirely comfortable with the idea of lending my MacCard for the day in case it becomes a game of hot potato either. I’ve already proposed this idea to people I’m familiar with, but they’re either trying to spend their own meal plan money, insist on paying me back somehow, reluctantly give in sometimes, or politely decline altogether.

Would this genuinely be appreciated? Might be a bit challenging and awkward to coordinate, but again, I’m still working through the possibilities.

EDIT: I did mention that this thought has been on my mind and is still in its infancy. It's already starting to feel a bit overwhelming with an influx of requests, and as much as I can only try, I genuinely can’t tend to every individual. That being said, approaching SWC and occasional transactions might be my best bet if I proceed with this, especially closer to the end of the semester.",F
37,"I have a supervisor, but the position is conditional on getting funding and I don’t really have any idea whether my GPA is high enough to be competitive. I know that the cutoff will change each year and depend on what kind of project you’re applying for, but can people in engineering who have applied before comment with your GPA and if you got the funding",M
1165,Lazeez is gas fym (haven’t tried the one on Westdale tho),D
376,"hi! i'm looking for housing next year and wondering if there are openings for 8 months? girls only and somewhat close to campus. if anyone knows, please lmk!!",M
471,"Long story short , I’m sensing weird vibes from the group of ‘friends ‘ I’m supposed to house with. I can’t necessarily point out what they have done to me but I just have a heavy feeling they talk bad about me or don’t really hold rank me as close as they are although I have no solid evidence . I don’t think this is a case where I talk to them about it cus tbf I have only known these ppl for a few months .I just feel away about the whole situation .Do you think this is just extreme self sabotage ? Or I should listen to my gut and find a room myself ? ",S
1167,Its better than most food on campus thats for sure. A cheecky shawarma wrap with a poutine n u got a whole feast,H
1046,my dumbass thought this post was gonna be about cats at mills and was so sad for a sec that i missed seeing kitties at mills LMAO,U
898,"if you’ve gotten all your grades back, how did it go? how many 12s did u get?

ps- good job to everyone for trying, and if you didn’t do too well then better luck next sem! we’ve all got this :)

[View Poll](https://www.reddit.com/poll/1hvvqfd)",H
1048,aren’t there literally people in there to monitor the place wtf,U
194,"Considering making a cool new card holder, was wondering if anyone would want one or care. Are you satisfied with however you're storing your MacCard right now?",M
1050,"Engineer here. I can literally only apply maybe 2 courses out of the 34 I’ve taken to my co-op rn… and neither went in depth enough for me to be able to do anything on my own. 
This is so embarrassing and taking a huge toll on my mental health because I feel like they expect so much more from me and are paying me to be useless. I cried at work so many times now because I feel so stupid. I don’t even know if I’m in the right career anymore because I can’t think logically like an engineer. 
I literally can’t think am I genuinely stupid",F
1060,"Looking for others who are interested in living in Ancaster. The area should be Wilson St and Fiddlers Green. I think rent may be close to 850-900. 

Pm if you’re also looking or want to question me lol. ",M
505,"Hi!

I am wondering if there are any easy writing courses or courses that are targeted to improve your writing. I heard of ENGLISH 1F03 but I am unsure if that’s the course that fits what I am looking for.

I haven’t written seriously since first year university since a lot of my courses in my program did not require essays. I feel like the quality of my writing has gone down and I want to improve on it. So, any courses?

I also know there are writing workshops at Mac but they are never offered at a time that works for me. :/",M
1169,"That’s the worst take of all time. Meet me in front of lazeez in 10 minutes, I’ll beat your ass.",A
1026,Got an email today about booking an interview!,H
583,"so as you can see from the title\^ I have to take this class as a pre requisite for a masters program im planning to apply to. dr. nishimura seems super sweet and enthusiastic about the material which I love, but im really scared for this course. one chapter of readings from the tb took my three hours to get through.. I was just wondering how her midterms and final were like, were they textbook heavy, more dependent on lectures, how were the group assignments. any advice would help pls n ty :)",F
1168,AI GENERATED FOOD 😭 bro is getting creative,M
162,hey! i was just wondering if anyone is currently taking this class this semester with demidova??,M
896,"Does anyone have any insight about this course, it’s being taught by Dr. Jabbari this semester.",M
152,"I have made many notes over the years for my courses, however, these notes are fully completed, which is why the list is very short lol. PM me and I can send you them.",M
875,Hi I was wondering if anyone had the math1ls3 course pack pdf!!! Thank you !!,M
894,"Don’t mistake this with level 2, I know that requires 24 units but what about a conditional offer to a level 2 program. Is Tht also 24 units completed by the end of winter atleast (not talking about Medrad)",M
1055,Everyone I know that has done a co op has gone through the same phase of “Everyone is so much smarter than me here”. I promise u it’s normal just keep at it and fake it till u make it. It’s a huge learning curb so don’t get discouraged.,H
111,"My avoidant ex broke up with me, and now it’s been 18 days of absolutely no contact. I miss her everyday, and sometimes feel devastated. 
I still care for her, I still love her, and I still want to get back to her, but don’t want to reach out to her now either. I know she’s a good person , she’s the best girl I have ever met, and I understand why she is an avoidant, she had a tough childhood, and still carries a life full of responsibilities. I love her, and she loves me too, but she gets overwhelmed by all the problems in her life plus things that I want from her. 
God help me. ",S
226,"I graduated in june 2024, i received email the other day saying

"" Your access to McMaster’s Microsoft 365 and Zoom accounts will **expire on** **February 4, 2025**, as you are no longer an active student. After this date, your accounts and all associated data, including emails and documents, will be permanently deleted. This may also affect access to external accounts, such as social media, if they are linked to your McMaster email.""

does that mean i wont have access to my mcmaster email address anymore? I applied to grad school I(the one at mac) and i put mac email on my application.

what do I do to keep it? please advice

thanks",M
882,if anyone finds a lost presto plsssss lmk!!! i think i dropped it somewhere in dbac/girls changeroom or in mdcl or health sci or the hub. im pretty sure its signed on the back. pls and thank you ,F
103,"Hi, I lost my presto card. How do I transfer my bus pass and funds on it to a new card? ",M
423,"Hello everyone, i’m a first year and during first semester I had an amazing TA and she really inspired me to also become a TA myself. Does anyone know how to become one? ",H
421,"Hey guys, do yk where to look for housing, I’ve checked Facebook and haven’t found anything good. It seems like everyone has found housing for near year and it’s super stressful because Idk how they’re finding housing that easy. If any of you guys who see this need another person for housing next year, PM me. I’m in first year and female. ",M
945,4th year and still adjusting 😔,S
590,If anyone is in any of these courses and plans to drop please let me know!,M
988,"For ELP how close to 2000 words do we needa be. Like is 1100 enough. Past students plz help 🙏🙏🙏, I did seminar not much else to say ",F
678,"Hi, does anyone have this textbook in physical or PDF. 
Need this Textbook asap. Thanks ",M
119,It was the best thing they had now its no longer on the menue,S
53,"Hey! I think I misplaced my wallet after getting something from the Second Cup at Keyes and was wondering if anybody would have retrieved it! It was pastel green, it has my student ID, presto and license. Please let me know!",M
151,"Hey everyone!

I’m currently in the process of deciding between the University of Toronto and McMaster for med school, and I’d love to get some advice. My goal is to specialize in neurology, specifically focusing on clinical practice with less emphasis on research. I’m really interested in getting into the field as quickly and effectively as possible (noting cost effectiveness), so a program that aligns with that is a priority for me.

From what I’ve heard:

* UofT has a strong reputation and tons of resources, but it’s also research-heavy and potentially more competitive/intense.
* McMaster is known for its 3-year program (getting me into the field faster) and its PBL (Problem-Based Learning) approach, which seems more clinically focused.

I’d love to hear from anyone who has experience with these programs or knows about their strengths in neurology. Which one would be better suited for someone who’s less research-oriented and wants to focus on clinical neurology? For some clarity - I would want to do research, just not in Med school, and definitely not full time.

Thanks in advance!",M
405,Forgot to print out something I need for Monday and work all day Friday so can’t go until the weekend. Is there a site to see all the library section hours/printer hours? ,S
1142,Oh no please don’t say that. You will hurt their feelegs 😂,M
207,"Talked to an academic advisor and I was told my gpa is too low to switch to social psychology need a 9 gpa and im at like a 7 but its not looking too good right now in sociology im so uninterested and doing bad. Idk what the hell to do I only want to do social psychology and my gpa is gonna drop even more im just cooked, i was curious if switching schools may be the play because wow imma want to die if I stay in sociology (do not take that serious)😭😭😭 ",S
663,"I’m a science student right now looking to switch but don’t have the Mohawk degree, is it possible to complete this from McMaster? What’s the cut off gpa? I haven’t been able to find information about this for McMaster students. Please let me know, help is appreciated.",M
1039,"Literally! It is so disrespectful too people are trying to focus and actually learn, some are even paying their own tuition, then you have these spoiled people just yapping about irrelevant things.",D
1047,"Say, “Excuse me, but can you guys SHUT THE F UP, it’s a quiet place 🤫… thank you ☺️.” And make sure you walk back with pride and chin up. 

Then they should understand.",D
8,"You all get a 12 in bus etiquette. Beautiful work. Every seat was filled, all the way to the back. Bags were on laps or on the floor. People even stood at the very back of the bus!! Nobody blocked the exits and everyone was able to exit easily. I have never witnessed such beauty. May this day go down in history with glory 🙏🙏🙏",H
1003,has anyone received their deferred exam schedule? or knows when it will be released?,M
36,I've done my Software Engineering degree I want to get into AI should I do a MEng or a MSc,M
454,"Im a first year social science student taking sociology with Dr.Samuel and I'm having trouble understanding how I'm meant to effectively study for this course. i understand the readings and find them interesting and I've been making notes of them with flashcards. I'm not even half way through a chapter and Ive already made about thirty flash cards. all I'm saying is there has to be a better way to study for this course without using 100 flashcards for each chapter. 

does anyone have any advice?",M
656,"Hello! I have some questions about the NSERC USRA. Would appreciate any input.

1. Is there a limit to how many professors can co-sign my application for NSERC? I have at least 4 in mind that I’m asking and wondering if asking more people to sign my part 2 form will increase my chances of getting the scholarship? Very confused on that part. Or is it just one?

2. When are the decisions released for who wins?

Thanks!!",M
253,"Correct me if I’m wrong but the only thing wrong with the plate loaded chest flies is that their missing the bolt to keep the seat in place so It‘s always stuck in the lowest position

This machine is the GOAT and it‘s been out of order for almost half a year at this point ☠️☠️

It cannot be this hard to fix

Like I‘m finna just take the sign off and use it",A
303,I know nations sells cheaper cuts of meat but is nations cheaper for vegetables and fruits than foodbasics including the 10% discount on Tuesdays?,M
1080,I’m a first year so not familiar with this but what’s a Ca? Is it like a ta position?,M
575,"Just wanted to ask if anyone has any information for plagues and people with this professor. I cannot find anything online except people who took it with Ponair instead of Wissler. Any insight will be appreciated!! I need to decide whether to drop this course or biochem 3Z03, and I'm finding the content of 2u03 realllyyyy interesting! Thanks!! ",M
627,"Hey guys (to whoever took sustain specifically), 

for the 2 ELP assignments, did you base your goals on the course material or just make them up randomly?

Are the TAs usually strict? Can you get 90+ on the assignments easily?


Any insight is appreciated",M
1092,if u dont mind the cold im like 80% sure there's a bench thing behind bates,M
914,If anyone has taken this course I wanna know how it was and if it is considered a bird course. Also are the lectures recorded,M
262,"https://macnutrition.mcmaster.ca/Nutrition/ServiceMenuReport/Today 
^^ link to site
but title basically, some of the calories and other info seem kind of off for the food item, so does anyone know how accurate it actually is?",M
614,"hiii if anyone has a psych 1f03/1x03 2024/2025 edition textbook they’re willing to lend, please pm me !!!",M
297,"What small merch ideas do you guys like, other than pens? ",M
416,Has anyone taken this course with Alina Sajed??? I can't find anything about her or this class,M
150,"Hi everyone! does anyone have any experience changing OPRAS application info? I recently applied to SLP MSc. with two prerequisite courses finished and two that are in progress (to be finished by the deadline in may). For one of my in progress courses I put I actually already have an applicable credit completed but decided not to use it because i was interested in taking a new one. Well, the professor for this course has made a point of making my life a nightmare. I couldn’t do it anymore and I withdrew from the course. I just want to use my other credit instead but I fear it may be too late and i screwed myself over 🥲 does anybody have any idea if i can still change my prerequisite? The school has been emailed the transcript with the prerequisite on it already.  thanks ): ",S
1173,Made me sick last time I ate there.,D
645,"10 minute walk to campus, driveway located in westdale. Dm if interested ",M
1085,use the science lounge on the 4th floor of BSB!,M
553,"Hey everyone,

I’m planning to apply for a master’s in biochemistry at McMaster this fall, and I’m looking for advice on how to approach potential supervisors. I’m an international student, currently living in Guelph, so I wouldn’t be able to speak to them in person right away. I’d like to formally introduce myself through email, but I’m worried my emails might just get lost in the thousands they probably receive.

How do I make my email stand out? Of course, I know I need to include the basics like who I am, why I want to work with them, and my experience, but is there anything else I should include to grab their attention or show that I’m serious about joining their lab?

If any of you have gone through this process (especially master’s students at McMaster), I’d really appreciate your tips! What strategies worked for you? How did you structure your emails?

Any advice would be super helpful. Thanks in advance!",M
986,"If you got the fee and this is the first time this has happened and/or you’re waiting for OSAP. Go to the financial aid office in Gilmore Hall and tell them this is the first time and you always pay everything on time and they may waive the fee for you. One time osap didn’t cover my entire tuition when I thought they did, and I got late fees on my account, I asked the lady kindly and let her know the situation and she waived the fee and I paid my tuition!",M
490,"Hi! I'm taking an extra course (overloading 3 credits) and I want to make sure that my OSAP funding will increase, and not decrease, if I submit a Change Request Form. ",M
888,"I'm so lost genuinely there's like 30 different tabs and idk how to calculate it TELL ME WHY I GOT A MARK FOR A ""MATERIAL SCIENCE MIDYEAR EXAM""....??? 

And WTF is that teamwork grade why did I get 1/8 I definitely did NOT perform that shit.

maybe I'm just stupid but I still need help if anyone knows how to calculate the grades for this course (if I just avg out the computing module and design module tabs at the bottom do I get my grade)?? I'd really appreciate it thanks guys ",A
147,"Basically I'm like 2.5 weeks behind in bio 1a03. I tried catching up but it took me 5 FREAKINT HOURS TO COMPLETE 1 MODULE. I am so cooked and I got chem 1aa3 midterm this Friday along with other assignments from other courses. I'm thinking of skipping chem 1aa3 midterm and use that time to catch up on bio which is on Wednesday (the week after this one), but idk if that's a good idea. I don't know anything anymore God I'm such an idiot can I not be an idiot for once?!

Any advice will be appreciated, thank you.",A
146,"Taking Music 1aa3 as an elective this semester and I've never taken a music course before. The prof is Andrew Mitchell and I was wondering if anyone could provide any advice regarding the type of tests he gives? He also said that maybe half of our tests will be ""listening questions,"" but I don't really know what that means or what to expect (which is my main concern). Any advice on how to prepare is appreciated! ",M
915,"Does anyone know when the results for the Ca applications for McMaster residences come out ?

",M
1128,Hi do we need to read the textbook for ENVSOCTY 1HA3 tests? Im in life sci and I rlly don't wanna have to go through lots of notes esp when I have chem and physics tests. or ill just suck it up looool,M
934,Can someone send an invite link?,M
664,"Hi guys.
I’m just here right now to get some things off my chest that I feel I have no one else to tell. The problem is me and my mother. She’s an amazing person, but she can be the most difficult people to talk to, or even deal with sometimes. Sometimes, I like to bounce ideas off of her or tell her something I want to do (an extracurricular, volunteering opportunity; etc) and in the end, she makes me feel like a complete idiot for even wanting to do it in the first place. All this, focusing on school, getting into your specialty, “why do you want this so bad” - serious tone. It’s very pressurizing to even talk to her about school. It’s a very big deal to her and I can understand why it is, but sometimes, I feel like she cares more about it than I do. She makes a bigger deal out of things than even I do, and it’s my school and future career. In most cases, it makes me feel sad, embarrassed, or ashamed. Let’s say I didn’t get into the specialty I wanted or wanted to do something else after graduation, it all comes down to, “you worked too hard to get where you’re at!”, etc. I don’t get it. It pushes me down so much I can’t even study or think about anything else but that. It makes me want to refrain from telling her anything about my plans, little or big, but as I said in the beginning, she’s one of the only people I really have to talk to as I’m very introverted and I hate it sometimes that she’s like my only rock. My siblings don’t give a single shit about my life and my dad’s usually on the same page as my mom. Anyways, sorry if this is a long one, I just really wanted to get this out and I think it would be sort of comforting to see what others have to say and know I’m not the only one with this problem.
Take care guys ",S
349,"
can someone send me all their commerce 2ab3 notes willing to pay i just don’t like how time consuming taking notes is thank u!",S
465,Is there a gc for music2mu3 or does anyone wanna make one ,M
325,"It's cold out, a lot of people are taking the bus to campus, please be considerate of everyone else around you. 

Move to the back!!! You can stand at on the upper level at the back too!!!! I know it's a little awkward but most of you are getting off at the same place anyway (going towards campus at least). I had to wait 20 mins in the cold this morning while 4 busses passed in a row bc they were ""full"" even when there was space in the back. Move to the back!!  Absolutely do not get on the bus and stand 2 steps behind the bus driver if there's an empty bus behind you. 

If you want to talk to your friend on the bus either both of you sit or both of you stand. 

If someone gets off behind you, take their place so someone else can get on!! It's not that hard guys. 

Dont leave your bags/coats on seats, it's rude and adds to the problem. Put them on your lap. 

Take your backpacks off on a crowded bus, you can put them on the ground in between your legs or put them on your chest so they're not pushing into people. 
",A
186,"Hi, does anybody know what it’s like to transfer from an Ontario university to McMaster University? I’m currently in my first year but I was thinking of maybe transferring to McMaster Commerce my third year. I am currently in a commerce program in another Ontario university. Does anyone know what’s the transfer process is like and the requirements! ",M
123,"I’m in Mills silent study and these people have been whispering and giggling the whole time. I’ve submitted 2 complaints online because I felt bad saying anything but nothing has happened. What’s the etiquette here? Do you guys ever go up and ask them to be quiet or do you just grit your teeth and take it?
Drives me crazy. They’ve been going on for about 2 hours now. ",A
1113,When you write the deferral do you just write in a room with a ton of random people from different courses like what’s the procedure? ,M
612,"To any upper years majoring in electrical engineering, how do you like it and would you recommend it?? Plus what aspects do you like and you don't!! Also does anyone know how competitive it is and what might be the cutoff for this year? Thank you!!",M
143,Hi guys im new to LinkedIn and as much id love to attend networking events I wouldn't know where to start. If anyone would like to be linkedin mutals pm me. ,M
1158,"Rookie mistake, pita n more &gt;&gt;",M
197,"Hi, I have taken this course and it’s completely online.
We have 2 modules per week, 2 tests and 2 assignments.
 I haven’t touched this course yet and I’m scared I might fold.
Anyone who has taken this course, any advice on the tests, assignments and how did u study 

Thanks.",F
613,"hi, I am looking to take MUSIC 2MU3 and SOCIOL 2FF3 this semester, both of which are currently full. If you are registered in either course and are planning to drop it, or would be willing to trade for PSYCH 2NF3 or PSYCH 3F03 (both of which I currently have), please message me! I have registered for SeatAlert but have not been able to get a spot, so it would be so helpful. ",M
279,"hey,

i applied to degroote undergraduate bcom a few months ago and am just about to hit exam season. My marks have been decent, have about an 87 overall average right now but will hopefully go up next semester since I have an easy course load (aiming for an 88-89). My big issue is math. it’s required for my program but I’ll have about a 76 by semester end, was just wondering if that’s going to drastically affect my chances of making it. I did also complete the optional supplemental assignment. anything helps, thanks!",F
293,"Hello, I just wonder if anyone know if the chance to be admitted into Level II Mol Bio or Level II Bio-PNB if I place either of them as second choice for my specialization coming up in April?

Thank you in advance for any answers.",M
402,"Made a post a few days ago about stickers on my car: https://www.reddit.com/r/McMaster/s/kt93GqoLiJ

Seems like someone took inspiration and left me a note on my car yesterday :) Dunno who did it but whoever did you are an awesome person and made my day and I hope you have an awesome weekend! Thanks for sharing positivity ✨️ ",H
122,Does anyone know why dominos don’t take student card anymore? Is there new location that does ,M
183,"My amazon package said it was delivered today and I’m really looking forward to this package. But idk if Mac will deliver on weekends 🥲 Please someone tell me you’ve gotten a weekend package before!!!
",F
202,cinnaholic in westdale is permanently closed???!!!! anyone know what happened? used to be my go to spot for cinnamon rolls,U
440,"Is there a gc for kin 1aa3/2yy3?

can i be added in pls!!! 🙂",M
246,"I'm sorry for haunting you. The door to the 6th floor was locked so I turned around to go down the stairs. Then I heard you open the door to the stairwell on the floor below so I waited for you to go down the stairs as not to scare you. Instead, you started coming up the stairs and stopped once you saw me watching you in the mirror on the wall. We stared at each other for like a minute straight waiting for someone to move. I began making some weird noises to scare you off. Finally, I gave up and began down the stairs towards you and you started running down the stairs with haste.

I was fr just tryna go down the stairs, my bad

https://preview.redd.it/kotwwkqx0oee1.jpg?width=275&amp;format=pjpg&amp;auto=webp&amp;s=2c0bd760d8a51441278da641e934d22d545b921a

https://preview.redd.it/g3fcgv3q5oee1.jpg?width=1887&amp;format=pjpg&amp;auto=webp&amp;s=2e73c8c1ebf49229e0ced12c22f1762e0af28bc5",F
417,Is SpongeBob using his lil slide whistle again 😂,M
971,How do we feel about the first test? Yay or nay,M
1154,"The midterm is tomorrow, how hard is it compared to the practice Avenue midterms and past midterms? ",M
1102,"
holy mother mary i did so incredibly ass on that please someone tell me it doesn’t matter. 

Genuinely I couldn’t say a single word. Like not a single thought came to my mind. I was so stuttery, couldn’t get any point across. there was 0 detail to whatever i was saying. it was very bare minimum. 

my written response was good though. way easier for me to think straight and get a point across when im writing. and im generally a good writer. 
but the video responses….. absolutely not. especially with the fact that we only get 1 minute to prepare. pisses me off tho cus i have good vocabulary and i’m able to properly articulate my thoughts when im writing or even when speaking as well as long as i’m calm and don’t feel like i’m put on the spot. 

that supp app does not represent me at all. if u spoke to me irl it would be incredibly different. like bye buddy i couldn’t even tell u my favourite color. i literally said NOTHING in those responses. my vocab was CHEEKS. that isn’t me. i’m never that nervous . 

my life is over now ggs. mac was my top pick i didn’t even apply to any other good schools. i love mac. mac is my dream. mac is the light at the end of the tunnel. mac is a shooting star, glistening in the darkness of space. mac is a warm campfire on a cold summer night. ",F
963,"@ontariostormwatch on Instagram says do your homework Hamilton.


Follow them for all the weather predictions 😉 ",M
1083,Access is tied to your macid. Have you tried logging in?,M
129,"Ummm does anybody have any idea why the university just fired the people at SVPRO (Sexual Violence Prevention and Response) and closed the office? It feels like the wrong step to take here?? But maybe there's something I'm missing

Any ideas? ",S
641,Anyone in LIFESCI 3LA3 this term with Heather O'Reilly? Everyone seems to have friends in this class. Looking to have a friend in this class to do work with! ,M
404,helloooo do any upper years have advice for the Critical Thinking Assignment in PBL Level 2? I don't know what to expect :/ ,M
979,"hydrogen peroxide will get it out :), then just wash like normal",H
965,"McMaster isn’t technically a commuter school but does have a large amount of students who use the go system to be commuter students. Still a very low number compared to the local students.

That’s your reality, the university doesn’t care. If they could they would tell you to move closer or leave earlier, just like a job would.",S
913,hey guys so i wanted to take eng 1f03 but now decided against it so i need another course preferably easy (bird. please help a girl out!!!!,F
1115,"Hamilton is actually a really solid food city

There's a lot of lovely places in Westdale (Saigon has fantastic pho, Paisley is expensive but really solid), and downtown I've been to a few great spots, like Wass ethiopian, Cowabunga, etc  
But I would love to hear some of your personal favourites",H
219,can anyone send me the link to the recordings i cant access them for some reason on echo 360,M
646,"Hi all, I'm looking for a professor to take MATH 4P06/ STATS 4T06. If anyone took or is taking them, could you give me any advice on any aspect? Like how to connect with prof, what does the project look like, or anything else. Thank you so much!",M
1111,"Heyo, got admitted to McMaster 😋 One of the most important things on my college checklist is that I’m able to join a band, (preferably a metal band). I’m a vocalist who’s trained in lot of different singing and screaming techniques, just a matter if i’m able to find a band. Any info would be helpful! ",H
1177,I agree its not lazeez at all,A
1002,"quizlet + practice questions, there was a point of time where id make quizlets for math",M
1116,"Let me cook 

Top tier places:
Ancaster Mill - my personal favourite in Hamilton but ridiculously expensive. Worth it for a special occasion.

Pintoh - Thai restaurant, super reasonably priced 

Em Oi - Vietnamese place, super good and reasonable prices 

Undefined - more $$ but extremely extremely good 

Tomah - not sit down but super great Syrian food 

Rony’s - Iraqi place, again not sit down but amazing chicken wraps and sandwiches
 
Mesa - extemely cheap and tasty Mexican place, can get a lot of food for $15 sit down 

Szechuan Noodle Bowl - sit down or take out, best noodles in Hamilton imo. Only $12 for a lot food

Other good places:
Rapscallion - insanely expensive but super unique menu and iconic in Hamilton 

Berkeley North - kind of like rapscallion lite, still expensive but not as bad, with a unique menu
 
The Ship - sit down burger and fries place near st joes

Ajio - sushi place, probably the most popular sushi restaurant in Hamilton 

Barangas on the Beach - Greek food, right on the water (literally the beach) so very good atmosphere in the summer 

Perfect Meat Bowl - Chinese meat bowl place, a lot of my friends are obsessed with this place (imo it’s great but not amazing)

Aberdeen Tavern - amazing homey, antique atmosphere. Food is good too",H
628,And I keep blaming my lazy habits on being sad. Ig I was really trying to find excuses. Trying to stay hopeful this year but it’s hard to break self destructive habits.,S
1071,"I saw a maintenance guy standing close to it and speaking over the phone with someone last week early in the morning, so I thought it was going to be fixed ASAP. But that fan continues to annoy the shit out of everyone every single day. I cannot believe it has taken them this long to fix something so simple.",D
955,pray with me that itll be closed,M
388,I don’t understand why this is wrong I can’t see any of the other options being okay in the lab💀 am i missing something here ,M
1172,I'm glad you are speaking with your wallet.  That's how you show them. But I'm really hoping you didn't eat the entire shawarma and then demand your money back.,M
512,"If someone is able to lend this handbook, please lmk!!!",M
267,"in first yr looking to do irh next year, can anybody tell me about the program ? I know it’s super new so there haven’t been that many people to go through it yet but still if anyone can answer some questions it would be great",M
1015,It should be your macid and password. [more info ](https://uts.mcmaster.ca/services/communication-collaboration-and-storage/macdrive/),M
443,"So I started taking kendo classes at the Japanese cultural centre in Hamilton. And one of the senseis said that since there are a few mac students who already do kendo he offered to run a kendo club at Mac. 

Kendo is a sword based Japanese martial art. Think of it as samurai sword fighting. 

I don’t know how likely it is that we will get enough interest, but I figure I’d ask since he offered. Would y’all be interested in that? ",M
498,I’m having trouble downloading SolidWorks on my laptop. Does anyone know how to download it? Is there a link on the McMaster website for downloading the student version of SolidWorks?,S
112,"I have applied to a program for fall 2025 for a thesis option.
Can i have inputs on how difficult writing a thesis is.
How much support can we get from professors?
How long it takes for masters thesis? ",M
869,"hi guys, i'm living in brandon and we donot have hot water since winter break\*(taking shower, somestimes its completely cold!! has anyone encountered this? I've had a bad cold for few days",A
232,Just read her ratemyprof reviews and it's kinda scaring me ngl. Anyone who has taken this course with her and did well could share any tips? Is it truly impossible to do well?,F
1065,"I’m applying to McMaster undergrad engineering and I just completed my Interviews and I feel I did very poorly on 2/3 of the video ones, but am very pleased with my written. I have a 94% average for grade 12 courses and am just wondering how much of an impact the interviews will have on my application?",F
611,"Ok I know this is both specific and odd but due to my work schedule I’m not able to attend the Wednesday lectures (or I can attend them rarely) and since they are not posted online I really do need to get the notes for them. If anyone would be willing to provide me with some notes from my missed lectures going forward I would greatly appreciate it. 

I work at a brewery and can give you free beer in exchange for your troubles 🙏 ",M
677,"Thanks for not posting it on Snapchat too, hope ur pillow is always cold ❤️",H
375,"Hi all,

I see that compsci 1xc3 is offered in this upcoming summer term. Does anyone know if it can be taken fully online? ",M
1181,"It's a natural part of life. Everyone will have to become an adult at one point, and there's nothing wrong with it.

Although I'll add, fantasizing being an adult and, actually being an adult, along with considering the responsibilities and inevitable stress that comes with it are 2 very different things. 

Imho, you haven't lost your innocence yet, but you're getting there.",H
1197,"I don’t know what some people are on but it doesn’t take long to wash your hands after taking a piss. I’ve seen so many guys not wash their hands and then go workout in pulse. Like at least have some hygiene. If you don’t have time to wash your hands, then carry a hand sanitizer or something in your pockets. Just keep your hands clean before touching equipments. ",D
233,last time i went it was freezing :( did something break? is the temp ok again?,S
980,Yes I always wash my coat after every lab (I have back to back labs) I get way to sweaty in them lol,H
682,"I’m actually scared of this course. I’ve heard that a lot of people do poorly in it, and I’m trying to get an 11 or 12. Which school is better for doing well in this course? Do you have any tips?",S
317,"what's the difference between compsci 1xc3 and 1xd3 content-wise? i'm thinking of switching into honours math and computer science and the prereqs say that i can take either one of these courses but 1xd3 requires compsci 1jc3, which i have not taken. will i be lacking a lot of skills or knowledge if i don't take 1xd3?",M
653,Does any one need any person? I need a group plz I want a hardworking group to get good on this.😭,S
412,Im am looking for carpool from mac to glen eden. We have 2 people and 2 snowboards and we normally go on weekends,M
1094,kind of far but i like hamilton hall,H
887,^ I’m like eh at math and in commerce. ,M
360,Looking for someone to sublet my room during the spring/summer term in an all-female student apartment. It has its own ensuite bathroom and is 3-5 minutes to campus with the bus. Rent would be $800 but willing to negotiate.,M
258,"Please guys im willing to do anything... Melatonin, NyQuil, lifestyle changes, etc etc...NOTHING WORKS I CANT GET MORE THAN 6H NO MATTER WHAT I DO. its like my body is on a timer. I wake up at 6am exhasuted and try to go back to sleep but I literally CANNOT.

Help

Edit: To give a little bit more info about my lifestyle, I workout 5-6x a week (weights and cardio mixed), I eat quite healthy and cook my own food (3 meals a day too). I drink 2.5-3L of water every day, I take supplements, like Magnesium and zinc before bed. I try to refrain from taking naps and go to bed thr same time every night. ",A
922,how are they as a professor? cause I cant find their rate my prof,M
631,"If not, do I have to inform them of retaking the course to upgrade my marks or is everything just automatic? thanks! ",M
636,"Hello,
I’m currently a final year student at uofa who has already applied to the MSc OT program at Mcmaster for the upcoming fall intake. Those of you who are currently in the program or already graduated from it, what would you say is a competitive gpa that would grant you acceptance into the program? I currently hold a 3.5 and would most likely be able to keep it by the end of this semester. I’ve already submitted my transcript to ORPAS as well. Just wondering what my chances are of getting accepted with a 3.5, given the minimum is a 3.3. 

Thanks in advance! :) ",M
282,"Heyyy! For MUSIC 2MT3, the prof says that the quizzes will be in lockdown browser but on A2L it doesn’t say that is it. Has anyone tried to use other browsers when completing these quizzes? Thanks 
",M
378,Hi. I don't know if anyone else has the same problem as me but I still haven't received the invitation email from Kritik for PSYCH 2AA3 despite doing the survey that allowed me to specify that I prefer individual Kritik assignments.,M
386,"My daughter went to the gym and left all her stuff without locking it in the locker and now she lost her credit card her wallet, her new MacBook Air and her iPad with the pen and the bag for sure .The person now is in the hub with them, if anyone is suspecting someone beside them, please report to the security on campus .The iPad has her name engraved on it",A
224,"My parents want to withdraw my RESP from my bank, and they need an official letter of enrollment from the university's admin office. How would I get my letter/who do I email exactly? Thanks!",M
1152,if you get any could you send me also?,M
1010,Please is anyone willing to tutor me for Econ 2b03 I'm taking it this winter with Chris and R studio is a bit confusing.,F
474,"Hi I'm from Alberta and applied for honours health sciences. I was just wondering when mcmaster would request to see my grades because they have not yet, or if I should just send them my transcript. OUAC says no transcripts requested, so I'm not sure to do.",M
348,can someone send me all their commerce 2fa3 notes willing to pay i just don’t like how time consuming taking notes is thank u!,S
508,Hey someone left behind there beats studios at bsb class pm me if its yours,M
644,no names let’s not get in trouble!,M
1187,Any tips to do well in first midterms ,M
975,"it doesn't hurt to talk to an advisor, but imo it's always better to have a withdrawal than a fail. i applied to level ii programs with 27 units and still got into the program i wanted, so don't stress:) if bio 1a03 is required for the programs ur applying for, u can take it in the spring. they'd just give u a conditional offer.",H
1125,"Pho Excellent! The owner is so funny and his Pho and Com Tam is the best in Hamilton

The Arch Noodle House is also a good spot in terms of price tho.",H
1101,"The grace period (exempted from late penalties) is valid till next Friday(?) at 4PM. If you submit it after that, you technically get a 0

EDIT: Correction to Friday",M
623,"Realistically, will I have to read / rely heavily on the textbook to 12 or do good in this course? I have chem, bio, and calc so I don't know if I'll have the time to read 5 chapters per week.. someone pls let me know! ",M
1051,Of course you won't be using everything you learned at school. The degree is to teach you how to teach yourself. You're at your co-op to learn how to work.,M
1106,fumbled my interview too. did not know what i was saying. going into 3rd year in fall 😁,H
650,"I was ""conversing"" with chatgpt to try and work out a problem (mainly addressing areas I was confused in) and it responded by initially telling me I asked a sharp question and I got way too fucking happy before a brief period of self reflection.


I need to study with a real person istg 🙏",U
1042,all i hear is girls talk about how they know a guy likes them. like bro if youre gonna sit your ass in a lecture actually be there to study or gtfo,A
559,"Hey everyone,

I have a few questions about McMaster University admissions and could use some advice. I applied to McMaster Engineering, Health Sciences, and Life Sciences, but I'm considering dropping Engineering and applying to Kinesiology instead. I just really want to get accepted! 😭

I'm currently taking a Kinesiology course in high school, and I suspect my overall average will be around the high 80s, possibly around the 88th percentile, but hopefully higher.

Do you think I have a better chance of getting in if I switch to Kinesiology?",F
1157,"I have never in my life tasted food so utterly bland, and so utterly horrendous and disgusting to the point where I felt the need to not only protest for my money back after the meal but also immediately leave a negative review on Google Maps and follow it up by telling everyone about my awful experience there. 

I am so genuinely serious when I say this but please do not go there, please stop your friends from going there, and please let that place rot until its forced to go out of business. What a disgusting pathetic excuse of ""shawarma"" they've got going on in there. Not even their ""garlic"" sauce has any hint of garlic in it. It is genuinely utter slop food for the lowest of your lows. 

Can you imagine? You're a student at mac, you just finished a stressful exam, or maybe you have an exam coming up, or maybe hey, you just need a little nutritional boost before going to the gym. Let's go to Westdale and try something out! Ah! Perfect! Lazeez Shawarma! I love shawarma! 

Only to be met by the most slop food you've ever had in your entire life. It genuinely feels like youre filling your mouth with ai generated food if that makes any sense. Like theres an attempt at trying to create flavour and yet nothing happens, theres no magic, theres not even a moment where you think ""yum"". You just keep taking bites hoping the next one won't taste like TV static.

We as a community need to warn others and be informed to run this place out of business and out of westdale. It is a joke of a franchise and the food is a slap on the face for any poor souls that've never tried it before (me). Its utter trash! It literally robs people out of their money. There are SO many other better restaurants as gimmicky as they may be that can replace it. 

Thanks for listening to my TedTalk. Please remember never to try Lazeez Shawarma and never to spend a penny or even a minute of your time at such a piss poor quality franchise. Your pocket and tastebuds deserve better. ",D
581,"I’m a first year Socsci student here at mac and u fortunately I don’t have the money to buy the Social Psychology textbook for this Winter Semester (Myers, D., J. M. Twenge, C. H. Jordan, and S. M. Smith (2024) Social Psychology 9th Canadian Ed. McGraw-Hill) and I can’t find it anywhere online for a free download and my usual sites don’t have it. 

Can anyone help a broke sister out and let me know where to find it for free?! 

I can’t do any of the readings guys pleaseeeee!!",S
973,"I’m torn between keeping this course or withdrawing. I’m honestly somewhat intimidated 😭 my only issue is if I drop this course I’m sitting at 27units to apply to my level 2 programs. I’m really trying to keep up with the modules, studying everyday, but I don’t know how well I’ll do in this course 🥲 advice please ",F
85,"More specifically their admissions office, i've emailed 2 of the email addresses they provided and haven't gotten a response for weeks despite following up a couple times. I also ended up trying to call them and their number seems outdated and immediately tells you to just email their admissions email. Is anyone else going through this too?",A
242,"Hi everyone, looking to see if there’s any nail techs near campus that people recommend! Are there any students that do nails as a side gig? I’m wanting to get my nails done without paying $100+ dollars for an acrylic set. Thanks for any info! :) ",M
876,the lectures for EARTHSC 2GG3 are quite late so I was wondering if they record their lectures and post them onto echo??? are lecture important to go to or can i just not go,M
159,"Hi! I'm in second year life sci and I'm looking to make some good friends! I would love to have someone to study with and do hobbies with outside of school with as well  !! I'm an extrovert and I love meeting people but it's been kinda hard to meet *my person,* like my own girl bsf (if that makes sense) in life sci because it's a such a big program with a lot of course varieties

I thought maybe posting here would help, so feel free to pm me!! I'd love to connect !!

edit: PLS ANY GIRLS REACH OUT LMFAO",H
527,"has anyone taken this course and what are ur opinons on it. Is it 12able, is it bird?? And if anyone has taken it do you mind telling me how its structured??",M
35,"They told us they would start interviewing us next week, so I would assume this week would be latest they would inform us… i guess not. It’s just annoying because I want to look for housing if I don’t get a position ",A
543,"One of my friends told me there's a practice room with a drum kit, and I was wondering if I can just go in there and play. I saw a post on this subreddit about a person with a minor in music asking about practice room access, so I was also wondering if these rooms are only open to music students or if anyone can access them.",M
170,"Are the questions similar to LON CAPA and the iClickrs in class? Bc I feel like a genius solving these but I bet the actual test is much, much harder. ",H
659,"\*sorry for the screaming title but it kept getting angry at me for not having 10 characters in the title 

This is probably a long shot but somewhere between Wallingford and Eng Tech I lost a pin that was attached to my bag. It was a green chrome letterman jacket with the Slytherin logo on it. ",A
1086,"There’s like those benches built into the walls in BSB but they’re not that comfortable for extended use, I find second floor/basement level hallways are basically deserted most of the time so you’ll have them to yourself. Also you could see if a classroom is empty and use it, just be prepared to get kicked out if a class turns out to be scheduled in there.

Also the cafe in bsb I guess but it’s always packed",M
1147,"took like a week or 2 last semester i think, tbh it don't matter tho cuz like its already set in stone yurr",M
1043,"I always sush ppl nicely with my finger and a smile and it usually works. If they are sitting in front of you, go up to them after class and kindly ask them to consider how talking in lecture might be distruptive to nearby students. Esp students with learning disabilities like limited hearing abilities.",M
1141,"He is just ensuring his drumstick is not too tough to eat.

Still, pays to do these up in a sous vide.

Of course birds that don't fly south on the prairies are just old and waiting on a coyote. The government has MAIDs. Elderly geese have CAIDs.",M
911,"In my schedule, my course has a tutorial planned today but the first actual lecture is on Friday. The course hasn’t posted any syllabus or content or contact info, just something called e-reserves (course is PEACJUST 1a03). Does this mean I should go to the tutorial anyways tdy or should I wait till after the first lec?",M
95,"For those who have taken biochem online, how did u study for the tests? And how did u do on the course? 
Its online and module based and they dont seem to have any practise tests on avenue. ",M
566,"I’m in first year and I’m interested in going into the medical field and was wondering if I should drop food and nutrition for functional human gross anatomy since it would be better for me. But i don’t have an amazing gpa due to some personal reasons, so should I just keep my foods and nutrition class HELP PLSSS",F
240,"hi guys 

i want to send flowers on valentine’s day specifically in the morning!, currently in an ldr what are some good affordable florists nearby that will do that. pls lmk thank you!!",M
920,"i'm very anxious about what i'll be doing next year. I know PNB has options for the capstone requirement other than a thesis, but I really want to be able to keep my options open for grad school. My grades aren't completely abysmal, but they're not the best at all (my cgpa as of now is sitting at exactly a 10, with my gpa for my pnb courses being a 9.75. I predict that my gpa for my last two years will be around a high 10 or low 11 though based on how this year is going, so there's that). I have barely anything going on outside of school, aside from one long-term volunteering extracurricular. no research experience or QQ. I have had part time jobs that I've done over the summer for a couple of months tops, but not anything long-term. how typical is it for an average / below average person like me to get into a thesis position? I see my friends with amazing grades and extracurriculars struggling, and it's so disheartening. Is grad school even an option for me at this point?",F
578,I was wondering how much is generally awarded for the McMaster General bursary. How much has been granted to you in the past?,M
868,please be on the look out for this poor lost dog went missing near mcmaster (near the trail) on Binkley. ,S
462,"I received a rejection for the Psychotherapy grad program on Monday and I feel like that’s way earlier than I was expecting? Is it normal to be rejected this early, or has anyone received acceptances yet?
",S
556,"Currently working on my exchange application and on the second to last section there is a box asking if you submitted a reference or not. For people who have previously done exchange, it needed or is it more of an extra? ",M
1074,You mean USRA? A prof told me it's in the 11.5-11.7 band.,M
206,"If anybody lost/left their airpods case today on the 47G to erin mills transitway, I found them on the seat and handed them to the bus driver. The guy beside me got off at the Trafalgar stop, if these were yours—sorry I didn’t see them till after you got off. ",M
394,"Doing survey please help,

p.s im new to the school, is it normal to witness people releaving themselves in the bushes?

[View Poll](https://www.reddit.com/poll/1i3sebk)",M
972,"Banger test, all marks I missed are by my own retarda-ion

  
I was way too jittery because I thought I'd need caffeine to stay awake at 6:30, and I think I whiffed on the sinusoidal function because it's ONLY in tests where you forget how to interpret word problems properly

  
the amount of times I've grinded the ferriswheel question (in like 3 different math classes that reviewed the same shite) only to whiff very disappointed in myself",S
399,"Hey all. 

I’m from Toronto and I drive to Mac several times a week.

It’s a bit of a drive and gas/parking is kinda expensive for me.

I’m down to pickup/drop off students on my way, as long as they pitch some change for gas.

I’m in Scarborough, so I literally pass by all of toronto, Peel, and Halton Region on my way to campus, lol.

DM if interested.",M
944,"I think atp it’s more so that we’re a lot more desensitized to the curveballs and deplorable side quests we run each week compared to others.

tldr: is what it is ig",M
1044,is anyone without a group or need a member for their group? pm me!!,M
217,"Does anyone actually know how to get in contact with the pnb academic advisor? I emailed her to book an appointment and she took 4 days to reply. She basically said we can meet the next week and asked for my time preference. Then she ghosted me after I replied to her question. Do I just drop in, email her again or cry myself to sleep? ",S
4,"Hey everyone! I'm in the commerce internship program \*phase 2\* and I've already rejected this one offer I got in phase 2.

Ik we're only allowed to reject one offer per phase. Has anyone in this phase or who has been in the program in the past rejected more than one offers and still remained in the internship program? Cuz Ik they're like oh you may get kicked out. ",M
946,"Aww thank you, seriously though 2nd year analytical chemistry and inquiry has made me strong 💪",H
647,"I'm selling my psych 1xo3 handbook from last sem, I didn't use it so theres no writing in the worksheets and all the flashcards are still in the book. I'm willing to sell it for a lower price than you can buy it at from the campus bookstore!",M
1093,There's some nice study rooms on the second/third floors of PG,H
616,Hi Im in my second year of PNB and i was wondering if anyone has some general advice to do well in this class! We have quizzes coming up and I was also wondering how to study for those lol,M
916,Hi. I am trying to swap a class timing with my friend but the classes are all closed so I am scared of losing my seat is someone else takes it. Has anyone done this before and knows how to do it just between us two? Please let me know thanks.,F
549,I want to volunteer at a research center in Toronto however they asked for a volunteering form; (like those provided by schools) is there such a form provided by McMaster? Please let me know!,M
903,does anyone know any easy ish/online courses i can take this semester? i only need one more but im having trouble finding something that fits into my schedule. any suggestions appreciated!!,M
689,I'm taking this course this semester (online because I have a conflict with another required course during the in-person section). It says that they're a 40% exam and not the usual 35% take home exam. Should I still take this course?,M
98,Is there a GC for this class? If so can someone send the link 🙏🏻,M
982,I think you just get a small late fee. But sometimes they don’t even give you the fee until much later after the due date. Just pay it off today and you’ll be fine,M
905,"I did really bad my first semester and finished with a 3.3 GPA (5 in calc and 8 in chem 1a03). This semester I'm taking physics 1a03, bio1m, chem 1aa3, sustain and envirsc. I'm planning on staying in honours life sciences and want to maximize my gpa as much as possible. Should I keep Chem 1aa3 or change it with an easier course as its not required for honours life sci? ",F
577,Can someone who has lived here tell me how it is? ,M
408,"Yall we really need to start saying something in physics 1e03. I know I'm not the only one who genuinely thinks wtf is going on. The prof legit shows a bunch of integrals on the slide and then just says ok moving on. I'm pretty the prof won't be able to do some of the problems without the solution on the slides. Like there's no way I'm
getting that on a test/exam. Legit waited until the add/drop date to drop this on us. ",D
504,If anyone is dropping this course lmk. I need it. I can drop lifesci 3q. ,M
47,is anyone without a group or need a member for their group? pm me!!,M
32,I've studied all the contents but whenever I open up chemfast my brain doesn't click and I can't answer a single question...any suggestions on what to do? ,M
957,I live at king/dundurn legit a centimetre of snow,M
1017,"Anyone apply to ibiomed at mcmaster?? how was the kira talent?? Does anyone remember what the written question was like?

Update: doing interview tmr morning. FYI yall do NOT leave uni interviews to the last minute. Praying for a miracle. Any advice to avoid embrassing myself would be helpful ",F
200,I’m looking for ppl to study with this sem. lmk if you’re interested and i can make a gc! :) ,M
134,"Found this hat in the middle of the road by the Psych Building, if it’s yours I left it in lost and found in the student centre",M
27,"It says the due date is this Friday, but since we have a grace period would that mean its extended to next weeks Friday without any penalty ?

",M
1076,I've done my Software Engineering degree I want to get into AI should I do a MEng or a MSc,M
230,"Does anyone know when the results are out?(being “awarded or denied in awardspring, not getting the actual money). I heard they release the decisions a few days after the deadline, but I’m not seeing any change in the application. Does anyone remember when they release the results? Thanks!",M
491,Currently have an A and got a 4th quartile in the Casper Test. I applied to both nursing programs at McMaster and the Med Rad program. What’s my chances of getting in? I heard that It’s easier when you’re already a university student but regardless I still want to have the best chances of getting into the school. ,M
950,"If you don’t want to go to class then don’t, no one’s making you technically. ",D
380,"Hey, I'm a grade 12 student deciding on which university to go to for astrophysics. 

I have heard that UW may be a better program for this major, however, I'm not sure I'd like the highly competitive nature there. So, is McMaster astrophysics still a good program if I want to go to grad school, or should I go with UW? 

A user on a different thread mentioned that it is ""swept under the rug"" at McMaster, and I'd like to hear if that is true. 

Thanks :) ",U
288,Hi I'm in third year envirsc and I'm looking for any upper year students who are taking Chem 1aa3 this sem and wanna make a study group,M
420,Curious about off-campus accommodation. I’m from out of province and hoping to find a place for eight months. Is it typical to sign a lease for 12 and then sublet during the summer? All advice appreciated.,M
680,Hi. Does anyone have the pdf of the Student solution manual for the Calculus for life sciences textbook by F.R. Adler? It would be a great help if someone could send it to me.,M
393,Does anyone know if there’s a gc for ling1aa3??,M
596,"Title! I’m struggling with choosing a path. One day I want to do this, then I don’t and I switch, then I switch back- you get it. I’m putting myself out there and trying a bunch of stuff to see what I like, but I feel like I just like everything. I eventually joy in everything- how do I narrow it down😭😭💀💀. This had been the main stressor of my life and I don’t know what to do. Also doesn’t help that all the stuff I’m interested in doing is getting hella competitive. I just wanna choose a path and bust my ass getting there, buts it’s hard when I keep thinking “what ifs” with others pathways and filling up my schedule with things related to multiple fields “just in case”. 

Short: HOW DO I CHOOSE ONE PATH AND STICK TO IT? ",F
500,does anyone know if the lectures for chem 1aa3 and bio 1a03 are recorded during the spring/summer term? also is there any limit on how many courses you can take during this term? ,M
138,"Can someone explain to me what you do in the Mac Eng and Society program? What is involved in the program, and how is it, compared to normal Eng and Eng and Management programs?",M
62,Please is anyone willing to tutor me for Econ 2b03 I'm taking it this winter with Chris and R studio is a bit confusing.,M
473,"I’m a 2nd year, and I fully hate my degree, despise with all my heart; don’t even wanna enter any job with this degree. How do I switch my pathway and will I have to redo 2 more years of school ",D
652,"Hey guys, I have the 1GR0 24 hour case coming up and I just had a few questions. Does anyone know if it will actually take up the two days they told us to free up, I have work and I wanted to see if I can avoid cancelling it. So would I be able to go to work on the weekend day they told us to be free if it's just a morning shift? Also, how is it like generally and how do you prepare? Thanks in advance.",M
128,"So essentially I'm trying to withdraw from a course. The deadline to withdraw before penalty is way ahead of us. I spoke with my program's academic advising team and they said the formal process is to fill out the ""Request for Late Withdrawal form.""

I thought the process of withdrawing would be to simply unenroll on MyTimeTable. Has anyone ever been asked to proceed via the LWD Form to regularly withdraw? Or would you typically unenroll on Mosaic/MyTimeTable/",M
1176,food is terrible and owner is terrible,A
523,"Macroeconomics, 4th Canadian Ed. – Hubbard, et al – required.

Does anyone have a free pdf of this textbook for macroeconomics? Can you please share it? I don't have it this semester but want to prepared.",M
1016,"If you’re a grad student, your supervisor can liaise with uts to gain access for you",M
1162,Try it when you’re stumbling drunk at 3am and your opinion will change. Not food for the sober,A
64,Does anyone in iArts happen to have a picture of the paper prices? I keep forgetting to take one and I don't stop by the studio very much. ,M
990,"Depends on your TA, so ask them? Mine, for example, said ~1500 words would be ideal. 

But then again, it’s quality over quantity. Her point was essentially to ensure that the criteria has been hit with sufficient details",M
14,"Does any one have their past chem test form 2023 or 2024. If you can sure it’ll be great thanks.
My test is tmr",M
156,Can somone pls give me the Bio 2C03 Textbook PDF free? Or is there a drive with everything??,M
40,Basically the title... Looking to do some volunteering in the community,M
494,"Hi, I'm a first-year Eng student struggling with Loncapa assignments A LOT. Sometimes I can’t solve/learn it until I look at the solutions, especially for LonCapa. In lectures I see people solving it right on the spot. I'm just wondering if anyone else struggled/is struggling or finds it difficult too or am I just dumb? (if you have the solutions file please send it!!!) ",S
381,"I'm currently applying to summer internships as a third year (sadly i was unsuccessful the past two summers), and although I have improved my GPA during the past semester, and have since improved my resume, there's one major barrier: references.

Out of my applications, there are three companies that I really want to intern for, as they relate to my interests/specialization the most, but unfortunately all three of them require me to write out contact information for an ""academic reference"". Because I'm an idiot, I've never even thought of visiting any of my professors once during office hours throghout my two and a half years here. It did cross my mind, but i'm a bit of an introverted/socially anxious guy so there was always this fear that if I tried to form relationships with my profs, they'd think i'm trying to butter them. I participate a bit in class, but I've failed at introducing myself more/forming connections with my profs and none of them know my name i can tell ya

So i'm kinda cooked, am I? I can't submit these applications without providing references/contact info for professors. Since my profs don't know me that well, I can't just simply ask them if it's okay i use them as a reference. Guess i'm gonna graduate without any work experience while everyone else in my program already did like two internships😪

EDIT: bruh 9 upvotes and not one person even responded to give advice 😭",S
187,I've come across alot of upper years that have nicer looking MacCards and i must say that I'm lowkey jealous. Why did ours have to be so ugly and horizontal. Are we stuck with them until we graduate or do they ever change them throughout the years?,D
941,like I don't even know that many of you but how do you do it. I wanna be like you,H
216,"I finished first sem of life with 3 10s and 2 12s which comes out to an omsas GPA of 3.82 and I feel so defeated. I felt decent all year but I dropped a 60 something on the chem exam and probably the same on the calc which destroyed my mark. I also dropped a 50 on the first bio test. These 3 are the subjects in which I earned 10s. Being someone who is looking into enrolling in a Canadian med school, will those 3 A-s ruin my chance? I know I can try to bring it up but doesn't it just get harder? so will I even have the opportunity to? I'm thinking of going into honours life science, and I heard that second year destroys your GPA, so since my GPA is already nowhere near where I want it to be, will it just go lower, what can I even do at this point? To get the gpa I wish to get, from here on I have to get nothing else but 12, and the occasional 11 (2-4 a year), is that even possible? ",S
969,when does the spring / summer classes list come out? are they already out? how would i find them? thanks!!!!:),M
52,Lol after the quiz results jw if anyone is in this class and would like to talk/be friends?,H
1056,"Trust me, I felt like I was pretty knowledgeable in my field (so far), but I felt kinda clueless when I started my co-op, even though I knew what to expect from the start. Nothing will teach you how to do the job well except doing the job itself, every position has its quirks. Don’t worry, you are in the stage everyone starts at.",H
338,It lowk really helped me last semester and I would love to buy secondhand!,H
926,"I want one of my courses to be counted as extra, how do I mark that? 

",M
897,Ok so I I’m first year Eng taking this course as everything else is full. I was hoping if somebody who took this course can tell me how the workload was and it also says that some lectures are online so is it true. ,M
902,Im enrolled in anthro for this term and I wanted to know from anyone who has already taken it how important the textbook is. If theres no interactive assignments on it I don't want to spend money on it I would rather use other resources provided. Please let me know,M
295,Or drop a reply and I will msg you. Thank you! ✨️✨️,M
879,Hi! Can someone suggest some (easy-ish) classes that are still open? Thanks!,M
251,"Kimchi fried rice
Thai spicy noodle
Wok fried rice/stir fry
Local Striploin Steak
",M
904,is anyone taking LIFESCI 3xx3 this sem??,M
463,I’m in Eng 1 and thinking of doing Elec Eng next year. The thing is I’m not understanding electricity and magnetism at all. It was fine until we started using integrals. Now I have no idea what I’m even looking at. I was wondering if this is a sign to not pursue a degree in Electrical Engineering. I know it’s only been two weeks but I’m kinda worried. In Highschool I loved circuit analysis and KVL/KCL. So far I’m liking calc 2 and I liked calc 1. I didn’t do well in Lin alg and got a C+ in the course. Is there hope for me in Elec Eng or is it over? Would you consider physics 2 a weed out course or is it time to start looking into other streams?,S
457,"Hi,

I am confused abt McMaster grading for pa? How are courses graded. I found something like z-score but not sure how it works. Also, do they have any importance for grad programs or med school given that you have another bachelor degree completed.",M
1196,Unfortunate. Can students pack on any lot with a pass or is it strictly lot m?,D
993,Still there. First floor and second floor in the common area,M
1040,"But Jake told Courtney and Mackensay he liked her. We'll have to wait for next episode of McMaster Heights.

Pretty sure the plot twist is Jake is in love with Greg.",M
269,and what’s the avg gpa? cant find the info anywhere online so i thought id ask here,M
201,"the heating in north quad residences is awful, my own room doesn't even have heat on and i'm drenched in sweat just from lounging?.. why do they crank it up so high, cause there's no way to put some sort of work order for that on just your own room 🫠 been like this since october ish, can they please stop cooking us alive i feel disgusting and my food is all moist too ",A
161,"For some reason I keep hearing over and over again that I should choose Queens over Mac Engineering. I'm confused since Mac is rated so highly amongst Canadian unis and it's location close to the GTA seems to be a good for coop.   
  
Is Mac's eng department that bad (and is it better than Queens in any regard)? Convince me otherwise!",M
558,I just wanted to say this course is some bs,A
907,"total longshot asking in here but I completely forgot to sign up for ATB 30k race and I am on the hunt for someone to sell me their spot, if you or someone you know has one please message me !!",F
403,"Hello, does anyone know where we sign up for our groups.

Thanks",M
880,Which one easier I just need easiest one 😂 ,H
478,"I lost my AirPods today around 11:30 to 1:30, somewhere between the 3rd floor of the Hub (the seats right in front of the stairs) and PGCLL 127 (the back rows in the middle).  If anyone finds them, could you please DM me on insta @ vivian.vuong Thank You!",S
999,I haven’t found any methods to study. How do you al study and do memory work? And for exams and everything? Any help would be appreciated. Thank you! ,F
949,It's snowing so excessively right now. It's about a foot of snow im just wondering if they will cancel classes tomorrow due to the amount of snow,M
105,"I applied for a job that was posted on the BCOM with internship job board and was curious how long they take to send out interviews/rejections :O 

edit: my friends heard back from a separate role from the MSU and took around 2 weeks! ",M
568,I was in TSH 120 at 9am (near the back-left middle seats) nd forgot my gloves... they're black with orange accent. If someone grabs them hmu and maybe we can meet to get them,M
391,"Okay guys, I’m not a chemistry student, but the way that diffusion works is that gas particles will tend to shift from a region of higher concentration to a region of lower concentration, which means that when you fart, it doesn’t just stay local to your buttocks region, it spreads, and it spreads violently… 

I kindly ask that you have some decorum and be a little more demure and cutesy with your bodily excretions. 

If you find yourself in the middle of a lecture needing to fart, just don’t. Pretend to take a phone call outside or just walk out, I’d hate you less if you did that. 

I thank you for your time and I shall be awaiting your active response to the aforementioned problem. 
Enjoy your weekend ",D
1,It would be really funny if we gathered all the health science students and we melted them down and then mashed them all into a giant spherical ball which will hover above the Earth like the sun,M
1134,It’s probably just a typo! 😔,S
1182,"Furniture is beautiful  
Everyone likes to decorate their space, your tastes just change as you grow older --- it's a natural process, but that doesn't mean you'll grow out of everything you enjoy

the things that really matter to you, they stay with you

and isn't it so wonderful now to find joy in places you never have before?  
Joy in the mundane",H
564,Is anyone selling their gkromst 2mt3 textbook?,M
1109,I heard it was during one of the first labs sections on monday. Apparently a few girls sat in front of the TA got caught using chatgpt.,M
80,like I don't even know that many of you but how do you do it. I wanna be like you,S
205,"I missed last class, so wanted to ask what did he teach regarding week 3 since he has not posted the slides yet. Also will the quiz for week 4 be cumulative? ",M
34,Hi! I graduated last spring and I was wondering if you would still have access to avenue if your email expires? Any 2023 and older alumni able to let me know? Thank you! ,M
953, Lol what? No. There’s only about 1cm expected. The only time they’ve canceled for the past several years is when we got 40cm of snow,M
511,does anyone know dr.cameron murray? he appears to be a new prof I couldnt find anything online about him.,M
429,I haven't seen any posts on instagram or an update on their website about when applications for welcome week rep are being released. Does anyone know when they will/if they have already been released? Thanks!,M
456,Basically the title\^\^ I know you can find the GPA for each semester/term on your unofficial transcript but is there a place to find your cumulative one (combined/weighted for all terms)?,M
368,"I posted this yesterday but I got no replies so i hope i have better luck this time. This is a bit urgent imo and i don't know what to do 😭

I'm currently applying to summer internships as a third year (sadly i was unsuccessful the past two summers), and although I have a decent (but not amazing) cGPA of 3.6, and have since improved my resume, there's one major barrier: references.

Out of my applications, there are three companies that I really want to intern for, as they relate to my interests/specialization the most, but unfortunately all three of them require me to write out contact information for an ""academic reference"". Because I'm an idiot, I've never even thought of visiting any of my professors once during office hours throghout my two and a half years here. It did cross my mind, but i'm a bit of an introverted/socially anxious guy so there was always this fear that if I tried to form relationships with my profs, they'd think i'm trying to butter them. I participate a bit in class, but I've failed at introducing myself more/forming connections with my profs and none of them know my name i can tell ya

So i'm kinda cooked, am I? I can't submit these applications without providing references/contact info for professors. Since my profs don't know me that well, I can't just simply ask them if it's okay i use them as a reference. Guess i'm gonna graduate without any work experience while everyone else in my program already did like two internships😪",S
91,Hey so i wanted to start praying at thode basement but ive never rlly prayed much in public so im a bit nervous. is there anything i should know before going? Should i just show up at the prayer time? Plz help a sister outtttttt,M
340,"Hi everyone - I’ve recently lost a bracelet and I thought I’d make a post just in case someone has found it.

On Saturday evening (January 19th) I was at Perfect Meat Bowl hotpot and had a dainty gold chain bracelet with dark green gems on it, and then along my journey back to MUSC it came off. If anyone has seen it please PM me!",S
1075,Wait U need to tell them who's supervising you when applying? I thought only after u got in.,M
567,i havent seen anyone get one before and the line is so long that I don't wanna wait in line for nothing lol,M
346,"What's your favorite food at bistro?


I am looking to try new options",M
954,stop making excuses to not attend class dawg,D
241,"So, I’m a fourth year student in honours environmental and earth science. I’m looking to either get an mba or a masters after I get some work experience. I currently have 3 Ws on my transcript. 2 of them being in my fourth year and 1 being in my second. All 3 Ws are electives and not my main classes and none were because I was failing. Do you think this is too many Ws or do I still have a chance at graduate school?",M
13,"The midterm is tomorrow, how hard is it compared to the practice Avenue midterms and past midterms? ",M
315,"i was thinking of taking GKROMST 3MT3 in the spring. i took 2mt3 before and it was pretty easy. Is 3mt3 similar to 2mt3? im looking for an easy 12 so any advice would be helpful!  
",M
604,What are they like and how to study for them?,M
389,"Will be posting my anki cards here:

\- keeps me motivated and on track

\- i feel shit abt myself, and honestly giving back to ppl has been helpful for my selfimage/psychologically wellbeing :)

\- to spread love

\- tried my best to make them aesthetic and easy to use. may not be perfect :)

lecture 1: [https://ankiweb.net/shared/info/1544731659](https://ankiweb.net/shared/info/1544731659)

lecture 2: [https://ankiweb.net/shared/info/1798536434](https://ankiweb.net/shared/info/1798536434)

lecture 3: [https://ankiweb.net/shared/info/361974867](https://ankiweb.net/shared/info/361974867)

lecture 4: [https://ankiweb.net/shared/info/1471043616?cb=1737473133104](https://ankiweb.net/shared/info/1471043616?cb=1737473133104)",M
273,"hey! we are 2 girls in first year life sci and are looking for people to form a little study group especially with midterms coming up so we can share notes, study tips, etc., message me to be added to a gc :)",M
166,"Im interested in going into PNB next year, im currently taking PSYCH 1XX3 and i find the neuroscience part boring but i enjoy learning all the other aspects of the class. is PNB a good fit for me next year? how neuroscience heavy is it? Or is Human Behaviour a better option for me.
",M
1018,Like a job interview kinda. Questions are different for everyone but range from “Tell me about a time when…” to “If you were the last person on earth…” to “Why Mac?”,M
1192,HSR Beauty Ambassador is here guys,H
651,"As in the courses (calc 2, physics, chem, 1p13) as well as any other factors. Ideally it'd be nice to hear a little bit about each course and how difficult you found them, thank you. 


Also curious about how projects are like in sem2.

# ",M
996,You can also ask for another scheduled time for the midterm.  ,M
486,"Hello everybody at McMaster. I am a foreign student accepted into a research project in the summer in this university, it looks very pretty! I was wondering if any of you could help me with resurces/websites to find accomodation outside of campus. I have to look at all posibilities, and I am weary of Facebook groups as they could be scams. Much appreciated!",M
1180,when you start to actually like kale. 10 year old me would not recognize this person.,S
506,"Everything is full, I’m in second year. I’ll take anything that’s somewhat manageable as an elective ",M
1009,"The old version is on lib gen. I did the quiz using the old tb and it's all there, nothing too different",M
243,"If you’re feeling behind, it’s completely normal. The best way to overcome this is to forgive yourself and take the first step. Dwelling on it only makes things harder, so focus on starting, even with a small action.

* Take things step by step. The workload might feel overwhelming, but every little bit helps. Even 10 minutes of studying can make a difference and improve your chances of success.
* Use tools like Quizlet and Anki to create flashcards. These are especially useful for exams that require a lot of memorization and help you stay organized.
* Don’t forget to leverage helpful resources. uNotes is a free platform for past exams and study materials, while CourseHero is another option (requires uploads or a paid subscription). Also, don’t hesitate to ask upper years for advice or old exams.
* Make use of summarization tools. Shorty AI is a great option for summarizing YouTube and Spotify content, and the best part is, it’s free and doesn’t require a login.
* Stay motivated with the help of friends. Struggling together can make the process easier and less stressful. Just be sure to surround yourself with friends who encourage you to stay on track and avoid distractions.

**You’ve got this. Keep pushing forward!**",H
570,I want to start going to the gym but I need somewhere to put my coat and other things. Do lockers have a renting fee or are there free lockers I can use if I bring my own lock? ,M
1053,Nah completely normal. Theoretical uni knowledge will give you a strong base but no practical experience. The whole point of the co-op you are on right now is for you to gain that practical experience lol.,H
565,Did anyone else get rejected from the MSc Psychotherapy program? Hit me up so we can be sad together. ,S
1151,"Does any one have their past chem test form 2023 or 2024. If you can sure it’ll be great thanks.
My test is tmr",M
864,Hi everyone! Have the open swim times at IWC been posted yet? If anyone has information please put it below. Thanks!,M
1135,Hey everyone!! Anyone who took this class before have any advice for the midterms? I have this class with Dr. Mac !! I’m really enjoying it and look forward to our lectures. She mentioned we have 11 Fill in the Blanks - how did those go? Are they very difficult since there’s no word bank? Any help would be really appreciated! Thank you! :) ,H
189,"history 2cs3, scar 1sc3, sociol 3g03, socsci 2fd3",M
960,Pro Tip: It will always be cancelled if you just skip them,M
1153,"Same here, if you get them, it would be so great if you can send it to me!",M
877,I went to ratemyprof however there were only two reviews one great and one bad and that's a small sample does anyone have experience on what he's like?,M
477,"Selling the following textbooks in veryyy lightly used/ brand new condition:

McMaster Biological Science (3rd edi) Textbook + study guide  

James Stewart Calculus (8th edi) (3/3 texts for math1A03) 

General Chemistry Principles and Modern Applications (11th edi) 

Prices negotiable, message for more info :) ",M
687,"lost it near ITB around 11:30am yesterday, went back to check the whole walkway from there to musc but didn’t find it :( ",S
513,Do I need to go to lectures to 12 this course? ,M
58,"Anyone apply to ibiomed at mcmaster?? how was the kira talent?? Does anyone remember what the written question was like?

Update: doing interview tmr morning. FYI yall do NOT leave uni interviews to the last minute. Praying for a miracle. Any advice to avoid embrassing myself would be helpful ",M
476,"Selling the following textbooks in veryyy lightly used/ brand new condition:

McMaster Biological Science (3rd edi) Textbook + study guide  

James Stewart Calculus (8th edi) (3/3 texts for math1A03) 

General Chemistry Principles and Modern Applications (11th edi) 

Prices negotiable, message for more info :) ",M
563,i’ve seen so many people ask but not many people answer 😭😭 but what is ART 1TI3 like? its available with eric petitti but im seeing mixed reviews about him online. im really trying to drop a class rn for a different elective so i want to see if this class is a decent option ,S
1034,"First off I want to say you don’t need the supplemental with an average above 90, you can easily get in without it.  Second off you can bend the truth or inflate it they will not contact you to figure out the legitimacy, there’s people I know who only did 40h and they told me they forged them anyway so you should be fine! Worst case just say you babysit for your neighbours free of charge and that’s you volunteering 🤣 Anyway I’m fairly certain you will be accepted with a 93 average so don’t worry about it you’ll get the acceptance soon 👍🏼Premature congratulations to you.",H
925,Which one is easier out of the two ? ,M
252,"A female student dropped their ID card at the GO bus stop near Mary Keyes. It has a green lanyard with Degroote Commerce written on it. Dm me your student number and name to confirm.

Also, I don't know where and whom to give it to.

Edit: I've returned it in Keyes. If it's yours, you can go and collect from the desk.",M
21,Hi do we need to read the textbook for ENVSOCTY 1HA3 tests? Im in life sci and I rlly don't wanna have to go through lots of notes esp when I have chem and physics tests. or ill just suck it up looool,M
313,"Hi everyone, I’m currently in grade 12 and have applied to McMaster Life Sciences, and these are the admission requirements:

- ENG4U  
- One of MHF4U or MCV4U  
- SBI4U  
- One of MHF4U, MCV4U, SCH4U, or SPH4U  

This semester, I’m taking Advanced Functions, Biology, and Chemistry, and I fast-tracked three arts, religion, and international language courses in Grades 10-11. I’m also enrolled in Grade 12 Physics and Calculus &amp; Vectors next semester.  

I was wondering if Chemistry would still be included in my top six average, even though I’ll have both Physics and Calculus next semester? Chemistry is my lowest mark right now, which is why I’m concerned. Also, since I don’t have English this semester, would they calculate my average using my current six courses, or will they wait until next semester to include English?  

Thank you!",M
461,"Guys for moodles can I keep retaking the quiz till I get a 100 and that’s the mark that would be counted? 

Edit: moodles for gkrmost 2mt3",M
160,"1st year summer research positions for students outside of UfT?

I currently go to McMaster, and I landed a nice grant for a summer research position but I can only use it at Mac. I really don't know if I want to spend my summer in Hamilton since all my friends live in Toronto. Is there any chance of me cold-emailing profs at UfT etc for an opportunity to work in their labs? What other avenues might i pursue maybe in Toronto but outside of uft? Thank you so much :))",H
276,"Hi! I'm a 4th year bio student applying to mac's absn, and since I have a few courses that satisfy the req, I had questions... 

1. Does the grades on your pre-req form matter? (should I focus on course content or grade)  
2. For the psych thing, does PSYCH 1X03 + 1XX3 work? or would PSYCH 1X03 + 2E03 be better  
3. For the anat + physio thing, does KIN 2Y03 + BIO 2A03 work or should I put KIN 2Y03 + 2YY3 (Im taking 2yy3 right now) 

thank you!! ",M
1133,"Honestly you dodged a bullet- CAing is a lot of work and not worth the pay scheme. 

Plus, getting a good room (like peter george) is a huge gamble.",H
191,"On Thursday at 12:36 pm I was on the 51 bus and these three girls blocked the back door (double door bus) to the point where people had to shove them out of the way in order to exit???

And they still didn't move out of the door way afterwards???

Like no one could even sit in the back of the bus because these girls blocked off both the back exit and back seats...

If u wore a green jacket and were with 2 other girls please learn some bus etiquette.

( If anyone is wondering why didn't you ask them to move? Multiple people did but they ignored/ were ignorant)",D
387,"Ummmmm, anyone else notice the new menu at second cup in pg???? they have matcha, some soda, chai latte and iced tea. been waiting for so long. the lines are already long, rip to the workers",H
983,pay it lol. my osap hasn’t come in yet so i’m accruing allllll the late fees,H
415,"I want to sublease my 10 bay room ASAP. The rent is too high for me, I want to move somewhere more affordable. Have anyone subleased at 10 bay before? I need some advice. ",S
493,"Hi! I've applied to socsci for 2025-2026. I was just wondering what averages people had who were accepted in previous years. This semester should be around 87-88 for myself. Also, how common is it to get residence without meeting the guarantee cut off? I've been told the cut of is a 90 and I am not exactly confident I will pull that off.",S
344,Is anyone selling their textbook? Or know where I can find a physical copy of it for a good price at least? Ty!!,M
947,"Is there a maximum amount of spring/ summer courses that students are allowed to take in both terms? 

like, could i hypothetically take like 4 courses in both the spring and summer (so 8 courses), or is there a max for both terms combined? ",M
308,"As cold as it was today, having to march building to building for classes, just cancel the whole day together what is this cruelty and torture 😞 ",S
666,group or kritik assignments and why?,M
130,What’s the hardest/worst schedule you’ve ever had? My current course schedule is pushing me to my limits lolololol I wanna feel better ,M
669,"okay, so this sem i’m taking bio1a, physics 1a, psych1xx3, chem1aa3, and socpsy1z03

basically i feel like this sem is going to be really heavy, and im considering dropping socpsy. just looking for advice on whether or not it’s a good idea. also i dont use osap, so there’s not going to be any issue there, im just curious if it has any affects on level 2 programs, and also if anyone has dropped down to 4 courses, how they feel about it. lowkey just looking for people to say whether or not it’s a good idea. im going to talk to an academic advisor if i decide to drop the course, but im just looking for insight. and also i did well last sem, average was a 10.8, not sure if that’s helpful.

lmk!!",M
1049,"i work in CATS! if people around you aren't shutting up, please come up to the front desk and we will tell the students to be quiet, repeatedly, if necessary. if they're still yapping, we can always report them to our manager and she can give them an official warning",M
99,Hi! Has anyone seen an airpods in LRwillson? Thank you so much,M
374,"So I'm kind of in a small situation where I ended up joining the wrong innovate instead of 1x03 with all of my friends 😭.

Seeing as I honestly don't really know anyone in 1z03 I'm really having trouble with finding a group to join so please anyone allow me to join their group if they still want people 🙏.",S
87,"hey everyone! i'm super confused on how the degroote supplementary works. is it just the 9 questions shown when you open the supplementary or is that a practice part and the actual supplementary begins after you submit your practice?

just wanted to confirm as i assumed it would be a timed supplementary like uoft or schulichs!",M
460,"Hey, I’m a hardworking student and was wondering if anyone HARDWORKING wants to form a group for INNOVATE 1X03 Thursdays. I want a group that will strive for 100%. Please lmk!! ",M
330,"Hi first year here,

  
for PSYCH 1XX3 I was just wondering if any upper years actually cut out the flashcards out of the paper from the course handbook or do y'all just copy everything down onto a new set of flashcards? does it help?",M
214,i have an important interview for a grad program!! ,H
468,anyone taken this course? how is it? what about participation?,M
121," I would like to apologize to the female student I approached today under Togo Salmon Hall right next to the TWELVEIGHTY BAR &amp; GRILL around 5:50 PM. If someone asked for your contact information at that time, that was me. 

First and foremost, I am sincerely sorry if I caused you any distress. This was my first time asking someone out, and I realize now it may have been awkward. I barely mustered the courage to do so, and I apologize if it made the situation uncomfortable. 

I felt really guilty afterward, so I felt the need to write this out. Once again, if you see this, I am very sorry.",S
618,"They actually should not be getting paid. Every single time I’ve emailed them to set up an appointment they tell me they’re busy and I should just ask my questions on email instead??? Or check online for the info. Are they actually stupid. Obviously I checked online before I sent my emails. 

Like if I could ask it all on email do they not think I would’ve done that already. I am stressed tryna figure out my future and the one place that’s spos to help doesn’t do jack shit. ",A
20,"Application and interview process, had no interview with them ? Did anyone else receive an email like this for the rejection ? ",M
878,what courses this term are online or virtual ,M
71,"For ELP how close to 2000 words do we needa be. Like is 1100 enough. Past students plz help 🙏🙏🙏, I did seminar not much else to say ",H
106,"Hi everyone,

I am a second year student who is looking to take two elective courses over the spring or summer before my third year. Would these courses go toward my second or third year GPA? ",M
270,i feel like oscarplus transcript is killing me lmao. how did y’all secure the bag?,A
1038,agreed. A bit of talking here and there is whatever because it comes and goes so it isn't super distracting. But when there's people YAPPPPPINGGGGG away it's like- why even show up to lecture??? You're clearly not paying attention 😭,D
437,"Hi friends !!

I’ve been independently studying the McMaster Software Engineering curriculum as part of my personal educational journey. 

It’s been an exciting challenge, but I’ve encountered some difficulties, especially as I’m managing financial constraints which prevent me from formally enrolling in courses.

**1. SFWRENG 3A04 - Software Design III: Large System Design\*\***    
**2. SFWRENG 3RA3 - Software Requirements and Security Considerations\*\***    
**3. SFWRENG 3S03 - Software Testing\*\***  

*Could you kindly guide me on how to access lecture slides or assignments for courses 1, 2, and 3? Additionally, if there are any other essential subjects or resources you recommend, I would greatly appreciate your insights.* 

*Thank you in advance !*",M
102,"Please message me if there is a group chat or discord for 2MT3

",M
