id,text,label
230,"Does anyone know when the results are out?(being “awarded or denied in awardspring, not getting the actual money). I heard they release the decisions a few days after the deadline, but I’m not seeing any change in the application. Does anyone remember when they release the results? Thanks!",M
554,"Last year I was paying $600 but then landlord raised rent to $625, which is over the 2.5% for 2024. This year the landlords trying to raise it to $650 which is also over the limit of 2.5% for 2025. If we tell her no can she kick us out? Any advice would be helpful. Thanks.",A
1085,use the science lounge on the 4th floor of BSB!,M
36,I've done my Software Engineering degree I want to get into AI should I do a MEng or a MSc,M
103,"Hi, I lost my presto card. How do I transfer my bus pass and funds on it to a new card? ",M
450,"In the red chairs in common area near hawkrigg. Not sure who to report to tho, seriously nasty!",M
1180,when you start to actually like kale. 10 year old me would not recognize this person.,S
640,Please lmk if you're going to drop this course!,M
937,you can do regular life sci and take the extra courses that interest you. lowkey a better idea since sms has a couple of hard courses that I'd avoid,M
418,Does anyone know anything about Math 1LS3 with Yi-Lin Tsai? What are they like as a professor and how does it compare to taking the course with Dr. Clements? (She is not an option this term but I have taken a math course with her before),M
927,"Does anyone know if you can volunteer at Mac's women's health clinic, and if you can, who do you contact and how? ",M
566,"I’m in first year and I’m interested in going into the medical field and was wondering if I should drop food and nutrition for functional human gross anatomy since it would be better for me. But i don’t have an amazing gpa due to some personal reasons, so should I just keep my foods and nutrition class HELP PLSSS",F
199,If I have a 85% avg can I get accepted to McMaster humanities or CCIT uoft Mississauga campus ,M
143,Hi guys im new to LinkedIn and as much id love to attend networking events I wouldn't know where to start. If anyone would like to be linkedin mutals pm me. ,M
58,"Anyone apply to ibiomed at mcmaster?? how was the kira talent?? Does anyone remember what the written question was like?

Update: doing interview tmr morning. FYI yall do NOT leave uni interviews to the last minute. Praying for a miracle. Any advice to avoid embrassing myself would be helpful ",M
637,"Hey reddit,

I’m a grade 11 high school student in alberta. I took chemistry 30 during this semester but I ended with an 88%. Since this doesn’t meet requirements for mcmaster health science, Im thinking to retake this course online over the summer. Would they care that I retook a course and that I did it through summer school? Some people told me that they dont prefer summer school courses and penalize you for it by preferring students who did the course during school. Is this true?",F
426,I am studying **commerce**; I am in the program **in order to get a high GPA** to help get into medical school. I heard that DeGroote and TMU don't have prerequisite courses for medical school...; can someone please give me advice on **what I should do in my undergraduate to almost guarantee my acceptance in medical school**? It is like my **dream to become a doctor/surgeon**  to offer to others in the field of medicine and surgery from young age. All advice is really appreciated:),M
916,Hi. I am trying to swap a class timing with my friend but the classes are all closed so I am scared of losing my seat is someone else takes it. Has anyone done this before and knows how to do it just between us two? Please let me know thanks.,F
1163,I heard the new owner abuses employees and hold off paychecks.,D
188,"Hi does anyone know how to create flash cards on quizlet (or a method you use) with lecture notes taken on an iPad on OneNote?

I save the slides onto OneNote and write lecture notes like that and then have been typing up flash cards, however that takes way too long. 

How do you guys create flash cards in a more efficient way?",M
1160,Finally someone says it. Their shawarma is as dry as my DMs. My roommate hoards Lazeez in our dorm and it stinks up the place like a bathroom at Chipotle.,D
119,It was the best thing they had now its no longer on the menue,S
106,"Hi everyone,

I am a second year student who is looking to take two elective courses over the spring or summer before my third year. Would these courses go toward my second or third year GPA? ",M
910,hey guyss does anyone have the GKRMST 2MT3 textbook for sale?,M
993,Still there. First floor and second floor in the common area,M
385,"I am currently in bio 2A03 with Dr. Krupa Patel which I thought would be great because I’ve had her for one of her other courses. I am not totally sure if I am just an idiot or if there’s something wrong with her teaching style but I am being sent through a LOOP during her lectures. I’ll read the slides and understand what’s going on and then she’ll start talking more about it and I get so confused. I feel like she’s overcomplicating things… unless they are as complicated as what she’s describing them? Or maybe they’re not and I’m just dumb. We’re currently doing the nervous system and to be fair the last time I did this was a few years ago so while it is review I haven’t done it in awhile. But like. It’s the second week and I feel like I’ve been dropped into the ocean without a life jacket… the only pre requisites for this course are BIO 1M03 and 1A03 so I feel like I shouldn’t be this overwhelmed? I did well in those courses but this course is making me feel like a baby… if anyone is wondering, I have not taken psych 1XX3 but have taken psych 1X03. 
Anyways. Please let me know if anyone else feels this way. I feel like it’s not supposed to be harder than genetics but tell me why I’m finding genetics bird compared to this? Please give me tips to succeed if possible!",F
1141,"He is just ensuring his drumstick is not too tough to eat.

Still, pays to do these up in a sous vide.

Of course birds that don't fly south on the prairies are just old and waiting on a coyote. The government has MAIDs. Elderly geese have CAIDs.",M
277,I need to go to the SSC but I can't find any previous posts or videos showing the way and I've never been in gilmour hall. no clue where it is either.,M
1030,"Seeking one female housemate to join 6 other girls in a shared home for next year!

- Spacious 7-bedroom, 2-bathroom house
- Just a 5-minute walk to campus
- Rent: $950/month

Let me know if you’re interested and I’ll provide details!",M
965,"McMaster isn’t technically a commuter school but does have a large amount of students who use the go system to be commuter students. Still a very low number compared to the local students.

That’s your reality, the university doesn’t care. If they could they would tell you to move closer or leave earlier, just like a job would.",S
26,"
holy mother mary i did so incredibly ass on that please someone tell me it doesn’t matter. 

Genuinely I couldn’t say a single word. Like not a single thought came to my mind. I was so stuttery, couldn’t get any point across. there was 0 detail to whatever i was saying. it was very bare minimum. 

my written response was good though. way easier for me to think straight and get a point across when im writing. and im generally a good writer. 
but the video responses….. absolutely not. especially with the fact that we only get 1 minute to prepare. pisses me off tho cus i have good vocabulary and i’m able to properly articulate my thoughts when im writing or even when speaking as well as long as i’m calm and don’t feel like i’m put on the spot. 

that supp app does not represent me at all. if u spoke to me irl it would be incredibly different. like bye buddy i couldn’t even tell u my favourite color. i literally said NOTHING in those responses. my vocab was CHEEKS. that isn’t me. i’m never that nervous . 

my life is over now ggs. mac was my top pick i didn’t even apply to any other good schools. i love mac. mac is my dream. mac is the light at the end of the tunnel. mac is a shooting star, glistening in the darkness of space. mac is a warm campfire on a cold summer night. ",S
444,"i know that sounds insane but i’ve always been interested in learning physics (like astrophysics, for example, which isn’t a type physics i have to take for engineering). Would I be able to even do a minor in physics when there’s already physics in engineering? 

",H
526,I am very bad at studying and I haven’t find any good method to study. Please give me tips on how to study and do all the memory work like for anatomy and physiology class. How to ace all the exams? Thank you in advance! Appreciate your help!,S
5,"I know I know, it's gonna be covered with the gown but I'm wondering what I(F) should wear underneath that matches the neckline of the gown. Should I do a collared shirt? A turtleneck? Or it doesn't matter at all since the gown will completely cover it?",M
358,"Hello, has anyone gotten an acceptance for McMaster’s Masters of Science SLP program as yet? I am eagerly waiting after not getting into their psychotherapy program and was wondering if they’ve sent out acceptances or if everyone is still waiting. Thank you!!",S
1131,"Application and interview process, had no interview with them ? Did anyone else receive an email like this for the rejection ? ",D
81,That someone recognised my Furina sticker. And first math test was a breeze truly how are you alls nights going (real).,H
1023,Does anyone know if there is a group chat for psych 2ap3? Or if anyone is open to sharing notes? ,M
1076,I've done my Software Engineering degree I want to get into AI should I do a MEng or a MSc,M
1078,"look at the positions that are open right now and see if they require specific degree, talk to career counseling",M
678,"Hi, does anyone have this textbook in physical or PDF. 
Need this Textbook asap. Thanks ",M
1022,What’s up with all the red paint (or spray pain) that’s smeared over the signs and windows around the uni? I noticed some on the entrance sign and on the big glass windows in MUSC but have seen it in multiple places. Looks like someone vandalized w spray paint and the school did a not-so-great job of cleaning up. Any idea what it was?? Curiosity has the best of me ,S
139,"My prof uses Turnitin and I'm scared of accidental plagiarism or forgetting to cite something, so if you know of any good (free) plagiarism detectors please share!",M
354,"Did anyone have the two sustain questions on their chem quiz? I'm on my last try and I don't want to get them wrong again.

Please help. DM me if you have them.",S
127,"Hello everyone!

I am a fourth year student looking to apply to medical radiation science for september 2025. Medical radiation science piqued my interest so I wanted to apply and give it a try. However, it's asking me to pay $251..... that's more than a masters program. Anyone know why it's so expensive. I'm a little hesitant to apply due to how expensive it is. I remember when I applied to university programs in 2021, they were like $50/program. 

https://preview.redd.it/9hhugf7twlfe1.png?width=510&amp;format=png&amp;auto=webp&amp;s=ff01c7f94b3400fe49142d6157770a7fa41568ed

",M
403,"Hello, does anyone know where we sign up for our groups.

Thanks",M
138,"Can someone explain to me what you do in the Mac Eng and Society program? What is involved in the program, and how is it, compared to normal Eng and Eng and Management programs?",M
13,"The midterm is tomorrow, how hard is it compared to the practice Avenue midterms and past midterms? ",M
481,"i am in my 3rd yr of life sci and i want to get a letter of permission so that i am able to take a course at another university. the thing is that the course that i need to take at the other uni is only offered in the winter terms. 

i was going to apply for it this term, but stuff that was out of my control happened and i was no longer able to do it for this term, so i want to apply for it in the next winter term (winter 2026 - when i will be in my 4th yr). 

i had a general question so i went to the office in BSB to ask them, and they told me that for students in the faculty of science, it is not advised for them to take LOPs in the fall/ winter terms of their final year and that i should have take it this yr (or previous yrs) instead. (and ofc, now its too late to apply for it this term). i had no idea that this was a thing, as i didnt see this stated anywhere online. 

i just wanted to ask how true this is and if i will no longer be able to get an LOP in my final year? was anyone else able to do this? and is this a hard rule (that students in there last yr cant take LOPs in the fall/ winter terms), or is it more of a suggestion to not take it/ them advising us that it may not be the best idea but it still being allowed? 

Thanks! ",M
1036,"I sit in the second row, but yet there's always a group of people talking behind me CONSTANTLY. 

No Rebecca, Jake does not have a crush on you now stfu I'm trying to take notes ",A
19,Hey everyone!! Anyone who took this class before have any advice for the midterms? I have this class with Dr. Mac !! I’m really enjoying it and look forward to our lectures. She mentioned we have 11 Fill in the Blanks - how did those go? Are they very difficult since there’s no word bank? Any help would be really appreciated! Thank you! :) ,H
612,"To any upper years majoring in electrical engineering, how do you like it and would you recommend it?? Plus what aspects do you like and you don't!! Also does anyone know how competitive it is and what might be the cutoff for this year? Thank you!!",M
933,What email addresses did you send to and what extension? I just called the [22232 extension](https://nursing.mcmaster.ca/about/staff-directory/) and there was a voicemail indicating that it's a very busy time for admissions. The voicemail also suggested an email to use.,M
220,"thinking of taking this in the summer, how easy is it to 12?",M
912,"It's just that i've been waiting for so long, so I thought of letting everybody know :)

Edit: Envirsc 1c03",H
1154,"The midterm is tomorrow, how hard is it compared to the practice Avenue midterms and past midterms? ",M
895,is anyone planning on dropping this class 🥲 i need another psych class but none of them fit in my schedule very nicely :(,S
646,"Hi all, I'm looking for a professor to take MATH 4P06/ STATS 4T06. If anyone took or is taking them, could you give me any advice on any aspect? Like how to connect with prof, what does the project look like, or anything else. Thank you so much!",M
107,"I am taking chem 2ob3 right now, and I did pretty well in chem 2oa3 last term. I do not feel very confident in my 2ob3 stuff yet and I was wondering what was helpful in this course. Was it the textbook, skillbuilder, questionbank? I am just feeling worried and my first midterm is next friday, so what should I do to prepare??",S
625,"Hello everyone,

I recall seeing a post (by MSUclubs) recently regarding how to sign up for an info session at Bridges (or a similar venue) about using Bounce for clubs. If anyone has the details, would you mind sharing the story or providing the application form again? I’d really appreciate your help. 

Thank you!",M
37,"I have a supervisor, but the position is conditional on getting funding and I don’t really have any idea whether my GPA is high enough to be competitive. I know that the cutoff will change each year and depend on what kind of project you’re applying for, but can people in engineering who have applied before comment with your GPA and if you got the funding",M
150,"Hi everyone! does anyone have any experience changing OPRAS application info? I recently applied to SLP MSc. with two prerequisite courses finished and two that are in progress (to be finished by the deadline in may). For one of my in progress courses I put I actually already have an applicable credit completed but decided not to use it because i was interested in taking a new one. Well, the professor for this course has made a point of making my life a nightmare. I couldn’t do it anymore and I withdrew from the course. I just want to use my other credit instead but I fear it may be too late and i screwed myself over 🥲 does anybody have any idea if i can still change my prerequisite? The school has been emailed the transcript with the prerequisite on it already.  thanks ): ",S
915,"Does anyone know when the results for the Ca applications for McMaster residences come out ?

",M
617,I was wondering how Biochem 3h03 is structured and is it easy to 12. I am looking for a course that is a bit lighter since I have two other heavy bio courses. I am also doing biochem 2ee3 right now so would it be difficult to manage. Thanks!,F
900,"Readings in Classical Literature, Vols. 1, 2, &amp; 3. Trans. S. Russell. Radix Antiqua Publishing. 2016 - Third edition. ISB-10 - 1988941660

I'm having trouble finding it on libgen :(",S
16,"How long for MC to come back, how long for SA grade to come back… generally speaking? ",M
146,"Taking Music 1aa3 as an elective this semester and I've never taken a music course before. The prof is Andrew Mitchell and I was wondering if anyone could provide any advice regarding the type of tests he gives? He also said that maybe half of our tests will be ""listening questions,"" but I don't really know what that means or what to expect (which is my main concern). Any advice on how to prepare is appreciated! ",M
618,"They actually should not be getting paid. Every single time I’ve emailed them to set up an appointment they tell me they’re busy and I should just ask my questions on email instead??? Or check online for the info. Are they actually stupid. Obviously I checked online before I sent my emails. 

Like if I could ask it all on email do they not think I would’ve done that already. I am stressed tryna figure out my future and the one place that’s spos to help doesn’t do jack shit. ",A
1128,Hi do we need to read the textbook for ENVSOCTY 1HA3 tests? Im in life sci and I rlly don't wanna have to go through lots of notes esp when I have chem and physics tests. or ill just suck it up looool,M
622,"I'm in desperate, desperate need of switching into tutorial 7 of lifesci 2x03. I have a time slot in the afternoon on Friday but I can't make it anymore cuz it coincides with a research placement. For whoever has that Monday (tut 7) time slot, would anyone be down to pretty please switch with me?",F
249,I’ve put a picture below. It was initially in PG 6th floor study room as that’s where someone found it but it’s no loner there. It’s very special to me as it belonged to my grandmother. Please if someone has taken it contact me.,S
306,"Anyone trying to form a study group(specifically those in Eng I)?

Lmk if u wanna make an ig gc and we can go from there",M
465,Is there a gc for music2mu3 or does anyone wanna make one ,M
1002,"quizlet + practice questions, there was a point of time where id make quizlets for math",M
889,Hi! Wondering if anyone is looking to sell a used physical copy of the required reading for the PHILOS2X03 course (Early Modern Philosophy: An Anthology). Let me know!,M
462,"I received a rejection for the Psychotherapy grad program on Monday and I feel like that’s way earlier than I was expecting? Is it normal to be rejected this early, or has anyone received acceptances yet?
",S
675,"I'm really scared about starting the gym and to make it worse, I see people complaining about beginners at the pulse with the new year. Idk how to get over this 
I'm scared of being judged/messing up my form, etc. I know peoples opinions literally mean nothing but I also can't seem to get over this. So if anyone has any tips I would really appreciate it!

I heard it's less busy in the morning but I cannot wake up that early so what's the best time to go that isn't extremely early.

Also if anyone has any recommendations of what to do at the gym I'd appreciate that too, Im not too familiar with the machines/equipment and I would feel better going in prepared. I wanna build muscle everywhere, tone up and just get more comfortable in my body overall.

Also if anyone has any funny/embarrassing gym stories to share, please do!",F
1104,"As another commenter said, what's done is done so hope for the best! At the end of the day you'll be okay. If you don't get in, you can try to transfer to mac after first year.",H
997,Skip lecture but let prof know,M
62,Please is anyone willing to tutor me for Econ 2b03 I'm taking it this winter with Chris and R studio is a bit confusing.,M
598,"Hey everyone!

I’m really interested in Arctic and Antarctic studies but not sure if McMaster has any professors or departments specializing in this area. I’d love to connect with anyone involved in research related to the polar regions, whether it’s about climate, ecosystems, glaciology, biology, or anything else.

If you know of any professors, research groups, or university resources that focus on these topics, please let me know! I’m eager to learn more and hopefully get involved, but I’m not sure where to start.",H
981,pretty much i’m a dumbass and missed my tuition deadline. what do i do in this situation?,D
339,"we’re three weeks in and i haven’t opened avenue for any work related reasons. please tell me im not alone 💔

edit: all the positivity rlly warmed my heart. u guys are right, ill start work next week fs 🥹 ",S
3,I’m trying to graduate in fall and have 5 courses left. Would it be possible to do them all over summer break (without needing permission from faculty) or would I need to take fall semester? ,M
564,Is anyone selling their gkromst 2mt3 textbook?,M
15,Can an ra or someone who knows an ra tell me why they’re here every single week from Thursday to Saturday?? It’s so annoying I can’t even bring friends that go to mac and it’s 1 friend per person…. Like why do I need to hunt down all 3 of my roommates to have people over for an hour on a Thursday night. This only happens at mac too like no other school is doing this,A
1125,"Pho Excellent! The owner is so funny and his Pho and Com Tam is the best in Hamilton

The Arch Noodle House is also a good spot in terms of price tho.",H
1021,"use the following randomly: induction, trivial, time complexity, AI, and you should be good",M
120,"Hi, I’m a first year applying for USRA NSERC in the eng department. Is the award purely based on GPA and the professor’s project? Also is it based off both semesters (this one and last). When does the award recipients typically announced?
",M
972,"Banger test, all marks I missed are by my own retarda-ion

  
I was way too jittery because I thought I'd need caffeine to stay awake at 6:30, and I think I whiffed on the sinusoidal function because it's ONLY in tests where you forget how to interpret word problems properly

  
the amount of times I've grinded the ferriswheel question (in like 3 different math classes that reviewed the same shite) only to whiff very disappointed in myself",S
104,"Hi, I'm a second year engineering student, and because the industry coop search isn't going well, I reached out to a few professors one of whom is showing an interest in continuing with a research internship for the summer. The problem is that he recommended I go through with the work study route instead of NSERC because it's fairly competitive for 2nd year students. I worked a couple of job last summer and managed to pay tuition out of pocket this year, so I didn't apply to OSAP before the Fall term. Instead, I applied to OSAP last week and just received confirmation from them this morning for a loan.

The problem is, however, when I go on AwardSpring the work study program says ""not qualified"" for the winter term. As far as I know, I've met all the requirements by being eligible for an OSAP loan. For the internship, I plan on working during the Summer term, and I understand that the work study application for that opens in March, but why don't I qualify for the Winter term's work study? I'm trying to reach out to the office but they're only giving me that stupid chat bot which is useless.

My second question is if I qualify for the loan, which I have, and choose not to take it, am I still eligible for the work program? The wording on the info page seems to imply this to be the case, but it's still incredibly ambiguous.

  
I appreciate your responses.",A
538,"I am a year 1 commerce student and had macro economics in my first semester. I failed it. I am planning to take the course in the spring/summer time. Which option should I choose to do better? 

https://preview.redd.it/ucpqt0qn8vce1.png?width=2006&amp;format=png&amp;auto=webp&amp;s=d6e434585f71e20f78f1b13773818972ab456794

Option 1- I had O'Shaugnessy for this course and still have access to her A2L, however it is a online course..., but I heard she gave a big curve for the final, is that true?

Option 2-I have never heard of Phebeena Smith, maybe she is new, I can't even find her on rate my prof, however, her classes are in person

Has anyone taken Macro in the summer, how was it? Instead would you recommend to take a second year course in the spring/summer and do macro next year in the fall?

Any advice given is deep appreciated:)",S
1066,"Hi, we’re a group of 5 girls looking for 2-3 other girls to live with us for the 2025 academic year (May 2025-26). We’ve signed for a nice 8 bedroom house located in Westdale, and if you’re interested please dm me, thanks!",M
82,"Hi, has anyone taken this? Any advice for midterms with Dr. Balshine? What to expect?",M
87,"hey everyone! i'm super confused on how the degroote supplementary works. is it just the 9 questions shown when you open the supplementary or is that a practice part and the actual supplementary begins after you submit your practice?

just wanted to confirm as i assumed it would be a timed supplementary like uoft or schulichs!",M
61,Title. Trying to plan vacation lol,H
93,If anyone has taken the course before I'd appreciate some insight. I've been putting off buying the textbook because it's on the pricier side and I was wondering if I can go without lol? ,M
319,"Please DM me if you are in any group chats for the following courses:

1. MUSIC 2MT3
2. PSYCH 2B03
3. PSYCH 3CB3 
4. PSYCH 3F03",M
131,"Hi everyone 
I am currently in my third year of a bachelor's degree in Public Law, and I am seriously considering changing my field of study for my master's. I am torn between Human Resources and Marketing. Which of these fields offers better job opportunities for someone with a bachelor's degree in law?",M
431,Anyone have a first-year nursing timetable they're willing to share?,M
1197,"I don’t know what some people are on but it doesn’t take long to wash your hands after taking a piss. I’ve seen so many guys not wash their hands and then go workout in pulse. Like at least have some hygiene. If you don’t have time to wash your hands, then carry a hand sanitizer or something in your pockets. Just keep your hands clean before touching equipments. ",D
1056,"Trust me, I felt like I was pretty knowledgeable in my field (so far), but I felt kinda clueless when I started my co-op, even though I knew what to expect from the start. Nothing will teach you how to do the job well except doing the job itself, every position has its quirks. Don’t worry, you are in the stage everyone starts at.",H
508,Hey someone left behind there beats studios at bsb class pm me if its yours,M
219,can anyone send me the link to the recordings i cant access them for some reason on echo 360,M
1009,"The old version is on lib gen. I did the quiz using the old tb and it's all there, nothing too different",M
261,"I am currently applying to McMasters ArtSci, and I was wondering what administrators are looking for. Are they looking to learn more about the individual, or is it more focused on the program? What are some ideas that I can write about?",M
66,"I have found a co-op but if i decide to withdraw from a course would my co-op be revoked.
Any help is appreciated,
Thanks",M
591,Hey just trying to find out how is this COMPSCI course and the difficulty level. This term Dr. Maccio is teaching it and I am trying to figure if I should take this course while being in a work-term. I know that the equivalent SFWRENG course happened last term Any advice?,M
568,I was in TSH 120 at 9am (near the back-left middle seats) nd forgot my gloves... they're black with orange accent. If someone grabs them hmu and maybe we can meet to get them,M
1179,"yesterday i spent like 3 hours fantasizing about the different types of furniture, specifically couches and chairs, that I would buy when I'm older. I was excited while browsing refrigerators. I was thinking about the types of rugs I would order. I spent a good 10 hours browsing vacuums with my mom. I quit weed. I don't drink anymore. I am excited about antitrust now and was decently happy while browsing boring ass account sheets for companies. 

My friend was talking about wanting to be a dinner party adult instead of a rock climbing one. We both wanted to be 6AM runner adults. It's over. I am cooked. I can feel the responsibility bleeding into my life.

Enjoy this time when it lasts. Otherwise you will become like me. ",F
420,Curious about off-campus accommodation. I’m from out of province and hoping to find a place for eight months. Is it typical to sign a lease for 12 and then sublet during the summer? All advice appreciated.,M
974,"Take it in the spring then, if you’re already really behind. Bio 1a is really hard to catch up in. If you’re content with a decent mark I say you can still stick it through.",M
573,"Hii! I really need help picking between these two courses. I had a terrible fall semester, and unfortunately cannot mess up my winter, and don’t even think I have it in me to go through another tough semester! Hence, I am trying to lighten my semester a bit. 

I just need some advice on between these two courses- which one is more manageable (I completely understand that both are not easy!) but just speaking content and work wise! Would you say one is relatively easier or better to take in a packed/heavy semester??

Any advice or suggestions would be appreciated!! ",F
546,"Anyone want to switch? 

Mine is Tut 5 - Tuesday at 11:30am 

Looking to get into Tut 6 on Wednesday please!! ",M
57,"Hey there everyone, I’ve applied for McMaster Engineering and Computer Science and I need to complete my supplementary application by tomorrow at noon. Do you have any advice? Are there any specific buzz words I should be using? Should I be smiling during the whole interview? Anything helps!",M
1035,"no they should only be able to see your average for the courses you took unless they otherwise state you need to supplement ur application with something else

im pre sure that they only see if u got ur diploma and ur transcript and that ofc only can occur is if you meet ur 40 hrs volunteer (no one except ur guidance counsellor and you would see where those 40 hrs are coming from)",M
223,"Has anyone had the same experience with a prof,

I am in a gender and religion online class, I transferred into the class on the night of 14th. There was a week one module due the first week of class with a comment paper worth 7% I believe.

I was not present for the due date as I was not even enrolled yet, all classes I have been in did not assign assignments first week due to this specific reason as students move classes until week two. 

After I email the prof  I was told that the syllabus has been on the religious studies website since the beginning of the term and it is my fault, and that time management is an a important part of this course and if it does not work for me then this course is not for me? Like what? I wasn’t even registered in the course till week two… 

I guess it is my fault but if I’m not registered in a class how am I expected to complete that given assignment and hand it in if I do not have access to it on avenue. 

I’m wondering if you guys that transferred into classes during the second week were able to complete substitute assignments due to late registration. I’m gonna just accept it but thought it was pretty odd as I’ve never had this happen in other classes I’ve registered late into. 

",U
46,"yall why are u in CATS if all ya wanna do is yap with ur friends..why not use other spaces in mills if thats what u want to do

there are literally multiple signs saying “quiet area” and “no talking zone” 

respectively… shut up 🫣",A
242,"Hi everyone, looking to see if there’s any nail techs near campus that people recommend! Are there any students that do nails as a side gig? I’m wanting to get my nails done without paying $100+ dollars for an acrylic set. Thanks for any info! :) ",M
121," I would like to apologize to the female student I approached today under Togo Salmon Hall right next to the TWELVEIGHTY BAR &amp; GRILL around 5:50 PM. If someone asked for your contact information at that time, that was me. 

First and foremost, I am sincerely sorry if I caused you any distress. This was my first time asking someone out, and I realize now it may have been awkward. I barely mustered the courage to do so, and I apologize if it made the situation uncomfortable. 

I felt really guilty afterward, so I felt the need to write this out. Once again, if you see this, I am very sorry.",S
419,"If I drop a course now, will I get W on my transcript?",M
266,"How do y’all commuters get up for morning classes? I have three 9:30s this term that I barely go to. The biggest problem for me isn’t even the time per se, it’s the fact that my next class is 7 hours later. What am I supposed to do in all that time? I’ve got zero friends and social anxiety so staying on campus for long periods of time exhausts me. I can’t even sit in the library for too long cause there are still people around. I think it might be doable if I can find an empty room but I can never find one cause they’re all being used for tutorials and the like. Any advice is appreciated!",M
29,"Ever since I came here I felt unwelcomed and like a burden to my peers and profs. I genuinely think my mental health plummeted the moment I stepped foot here.

However recently, a really awesome TA helped me out with stuff and I actually felt seen here.

Like someone cared. I honestly want to nominate them for something! I know there was the TA award thing from earlier but I only had this TA this semester and missed out. Is it too late for any other awards? Nobody else helped. Other TAs would yell at me


If they find this: thanks so much for making this semester more bearable. I thought I was in the deep end and was going to call it quits but you genuinely made an impact. Thank you again! :D engineering is so difficult alone both academically and mentally and it helps immensely to know somebody out there cares and wants you to succeed.",M
287,"Hey everyone,

I’m a first-year student, and I picked Globalization 1A03 as an elective, thinking it’d be chill. But we’re already in the 3rd week, and I have no idea what’s going on. Like… what even is this course about? What kind of info are we supposed to be learning?

There are these weekly readings, and I’m not sure what to do with them—are we supposed to memorize them? Take notes? Just skim? I feel like I’m just aimlessly floating here.

If you’ve taken this course before, please tell me: is this an easy elective, or am I absolutely cooked? I could really use some advice to figure out how to approach this course before I fall too far behind.",F
379,Is this course online ? In the summer? How is the course outline?,M
289,"I placed an order for Skip this weekend and the driver called to complain about how ""every day is bad address for Mcmaster"" lol.  He eventually showed up on  campus some distance away from the residence which resulted in a 15 minute walk for pickup. What address would you use for Hedden Hall as an example?",A
141,"Hi guys! Does anyone have any knowledge wether or not CA Interview emails have been sent out? 

Would they give an email if they didn’t pick you eeee i’m nervous!!",M
600,"Hi! I'm in my 4th year of my undergrad at Mac and I'm looking to apply to the PA program. I was filling out the returning student online application through OUAC and I was unsure about some aspects of the application. Specifically, the activities and employment section (see photo). Would I still fill this out with my current ECs / work experience, or leave it blank since I haven't yet graduated Mac? 

https://preview.redd.it/ag3q64u7bnce1.png?width=1596&amp;format=png&amp;auto=webp&amp;s=9d2788cb9cebf8925a1aca12d3111634201a5941",M
210,"Hey, does anyone know when the deadline to write the CASPer is for the 2025 accelerated nursing cycle applications! I can't seem to find it on their website. THANKS!",M
31,"whats happening to dr murrays class
",M
582,Can someone who has lived here tell me how it is? Is it worth the high rent prices?,M
323,"Test 1 is coming up in a week, and I'm not too sure what to do after the course pack and practice tests to prepare, and yet I still dont feel ready. For people who took this course last semester, is there any advice you would advise to look at to succeed in the tests, especially Test 1 as I have no idea what to expect?",F
233,last time i went it was freezing :( did something break? is the temp ok again?,S
506,"Everything is full, I’m in second year. I’ll take anything that’s somewhat manageable as an elective ",M
326,thode heat is off and i literally cannot function. ,A
941,like I don't even know that many of you but how do you do it. I wanna be like you,H
365,rent is 800 and it’s a 10 min walk from mac em me for pictures or to set up a viewing!!,M
1167,Its better than most food on campus thats for sure. A cheecky shawarma wrap with a poutine n u got a whole feast,H
682,"I’m actually scared of this course. I’ve heard that a lot of people do poorly in it, and I’m trying to get an 11 or 12. Which school is better for doing well in this course? Do you have any tips?",S
313,"Hi everyone, I’m currently in grade 12 and have applied to McMaster Life Sciences, and these are the admission requirements:

- ENG4U  
- One of MHF4U or MCV4U  
- SBI4U  
- One of MHF4U, MCV4U, SCH4U, or SPH4U  

This semester, I’m taking Advanced Functions, Biology, and Chemistry, and I fast-tracked three arts, religion, and international language courses in Grades 10-11. I’m also enrolled in Grade 12 Physics and Calculus &amp; Vectors next semester.  

I was wondering if Chemistry would still be included in my top six average, even though I’ll have both Physics and Calculus next semester? Chemistry is my lowest mark right now, which is why I’m concerned. Also, since I don’t have English this semester, would they calculate my average using my current six courses, or will they wait until next semester to include English?  

Thank you!",M
1165,Lazeez is gas fym (haven’t tried the one on Westdale tho),D
883,I’m looking to take elective what do you guys think of this socsci 2cc3  and do recommend any other electives. ,M
164,"help the first sociology test is this tuesday and i cannot figure out a good way to study without making like 100 flashcards per reading, and that wastes so much of my time. any past socio1z03 students have any tips for this coming test and future socio1z03 tests?",M
684,"I finished 2G03 with an 11, but on rmp a lot of ppl are saying the tests in 3G03 are extremely hard. 

If anyone took this class before, how'd you find it? All the tests are online and open book but is it 11able or 12able? Ty!!!",M
978,"you have to keep the blood on it forever, it’s a war trophy.",H
1067,Basically the title... Looking to do some volunteering in the community,M
235,if u got in pls lmk what u wrote🙏,M
135,I am going to start looking for houses for fall semester (August) 2025. I was hoping if any other Muslim girl could join me and maybe we could be roommates. I am also open to anyone who’s looking into subletting a room. Please dm me or respond on this post. ,M
672,"Hello! I’m trying to find a calculus 1 tutor, please dm me with your rate and availability/further details :)",M
147,"Basically I'm like 2.5 weeks behind in bio 1a03. I tried catching up but it took me 5 FREAKINT HOURS TO COMPLETE 1 MODULE. I am so cooked and I got chem 1aa3 midterm this Friday along with other assignments from other courses. I'm thinking of skipping chem 1aa3 midterm and use that time to catch up on bio which is on Wednesday (the week after this one), but idk if that's a good idea. I don't know anything anymore God I'm such an idiot can I not be an idiot for once?!

Any advice will be appreciated, thank you.",A
596,"Title! I’m struggling with choosing a path. One day I want to do this, then I don’t and I switch, then I switch back- you get it. I’m putting myself out there and trying a bunch of stuff to see what I like, but I feel like I just like everything. I eventually joy in everything- how do I narrow it down😭😭💀💀. This had been the main stressor of my life and I don’t know what to do. Also doesn’t help that all the stuff I’m interested in doing is getting hella competitive. I just wanna choose a path and bust my ass getting there, buts it’s hard when I keep thinking “what ifs” with others pathways and filling up my schedule with things related to multiple fields “just in case”. 

Short: HOW DO I CHOOSE ONE PATH AND STICK TO IT? ",F
641,Anyone in LIFESCI 3LA3 this term with Heather O'Reilly? Everyone seems to have friends in this class. Looking to have a friend in this class to do work with! ,M
215,Does anyone know if we’re allowed to use the back door at the very end of the hallway in Mary Keyes floor 1? Like the one that leads outside. Cuz it says it’ll sound an alarm but idk if it’s a rlly bad one. ,M
154,For anyone who has taken it how similar are the questions on test to the ones in textbook?,M
50,has anyone ever taken this class? i want to take it for spring/summer but i want something that’s not a heavy workload ,M
355,"Subleasing my 10 bay apartment.  ‼️‼️‼️ASAP‼️‼️‼️

\~!!!PRICE REDUCTION!!!\~

!!1400 instead of 1540!!

Female only

For lease starting from February!!! Short and longterm 

Shared apartment (1 roommate) with private room

My rent is 1540$ a month, willing to lease for 1400. A price can be negotiated!!!

All information can be found here: [https://housing.mcmaster.ca/10bay/](https://housing.mcmaster.ca/10bay/)

Text or call: 19057456294

https://preview.redd.it/rmsovd7t4zde1.jpg?width=4032&amp;format=pjpg&amp;auto=webp&amp;s=c9570deec83485958f2c301d2078a426196597a6

https://preview.redd.it/9ytxdb7t4zde1.jpg?width=4032&amp;format=pjpg&amp;auto=webp&amp;s=6bd0d45f19497b8a26f5380fed53589c099d16d3

https://preview.redd.it/ugin6c7t4zde1.jpg?width=4032&amp;format=pjpg&amp;auto=webp&amp;s=3253d275e3cd2b352ea987509b18a847fc5a79c1

https://preview.redd.it/1qo2ad7t4zde1.jpg?width=4032&amp;format=pjpg&amp;auto=webp&amp;s=f83f6d5fb6bd6064aafdff28fffae5b2f4f58b5a

https://preview.redd.it/zvmfmf7t4zde1.jpg?width=3024&amp;format=pjpg&amp;auto=webp&amp;s=258861a4d27b35cf600ee8a1664b7b6af1365a38

https://preview.redd.it/7n8j8i7t4zde1.jpg?width=4032&amp;format=pjpg&amp;auto=webp&amp;s=ef1abee8598aafb195d13e1443931873fde5ffb6

https://preview.redd.it/pwgfyn7t4zde1.jpg?width=3024&amp;format=pjpg&amp;auto=webp&amp;s=c2e6eb045d80b43f5473cf833fb8ffe9eb9d0390

https://preview.redd.it/qvlb8f7t4zde1.jpg?width=3024&amp;format=pjpg&amp;auto=webp&amp;s=1cdc18337469fa5b1e1ed12d40d8c9c80d689b56

",M
90,"Everyone should’ve gotten an email this morning to vote in the MSU referendums and presidential election. Here’s what you should know/read to make an informed vote!

**Presidential Election**  
There are 3 candidates! The Silhouette has written an overview and critique of each candidate. Here’s the overview (or read full articles):

[**Simon Mills**](https://thesil.ca/msu-presidential-candidate-platform-overview-simon-mills/)  
Main idea: student life and MSU events (i.e. MSU cup)  
[Main critique:](https://thesil.ca/msu-presidential-candidate-platform-critique-simon-mills/) logistical and financial considerations

[**Olami Olalere**](https://thesil.ca/msu-presidential-candidate-platform-overview-olami-olalere/)  
Main idea: advertising MSU (I.e. MSUtv and an athletic Maroon wall)  
[Main critique](https://thesil.ca/msu-presidential-candidate-platform-critique-olami-olalere/): substance and lack of consultation

[**Piper Plavins**](https://thesil.ca/msu-presidential-candidate-platform-overview-piper-plavins/)  
Main idea: connecting students to opportunities in MSU (I.e. part time jobs)  
[Main critique:](https://thesil.ca/msu-presidential-platform-critique-piper-plavins/) financial feasibility

**Engineer Without Borders (EWB) Referendum– $0.41 per student**

* This is the second year in a row that they’re being sent to referendum by the Student Representative Assembly (SRA) which reviews finances and operations of the group yearly
* Previously the $12,000 funding was used to fund 1 McMaster student on a fellowship to East Africa but the fellowship program is now paused due to “restructuring at head office”
* EWB has not been able to access bank accounts or provide accurate financial figures in recent years and haven't offered substantial student programming other than the fellowship which is now paused

$0.41 may not seem like a lot to one student, but it is also $12,000 in the hands of a few students with a history of financial irresponsibility and obscurity.

**Food Accessibility Initiative Referendum– $6.50 per student**

* Was in the previous election but did not meet quorum
* Initiative to provide free soup and bread to students (90,000 meals)

**Homecoming and Large Scale Events Referendum– $20 per student**

* Fund on-campus homecoming and other large scale events",H
655,"especially when the content isnt on the midterm, how do you make up time for studying it without feeling like ur wasting time not studying for ur midterm???

give me ur secret cuz to understand a lecture i need to look at content before the lecture starts, and study it after, so i never get time to study my actual midterm content.

so if ur one of those ppl who also need to post study lectures, pls help tell me what to do cuz once a midterm finishes ill be so behind on lectures ive skipped to study and stuff.",F
1135,Hey everyone!! Anyone who took this class before have any advice for the midterms? I have this class with Dr. Mac !! I’m really enjoying it and look forward to our lectures. She mentioned we have 11 Fill in the Blanks - how did those go? Are they very difficult since there’s no word bank? Any help would be really appreciated! Thank you! :) ,H
547,"title\^, so basically have some free time and wanting to pre study a course, I looked over the course outline and found it but haven't found any resources online to study it, what should I do.",M
583,"so as you can see from the title\^ I have to take this class as a pre requisite for a masters program im planning to apply to. dr. nishimura seems super sweet and enthusiastic about the material which I love, but im really scared for this course. one chapter of readings from the tb took my three hours to get through.. I was just wondering how her midterms and final were like, were they textbook heavy, more dependent on lectures, how were the group assignments. any advice would help pls n ty :)",F
83,"i wanted this specialization but its being phased out one year before i was supposed to apply 😥. does anyone have any suggestions for similar specializations? i rlly liked the mix of psych, kin and science",S
884,Should I take San Hwa Kim or Chris Ling for commerce 1MA3?,M
95,"For those who have taken biochem online, how did u study for the tests? And how did u do on the course? 
Its online and module based and they dont seem to have any practise tests on avenue. ",M
649,Does anyone have a link to the PDF version of the natural disasters textbook? Much appreciated!,M
440,"Is there a gc for kin 1aa3/2yy3?

can i be added in pls!!! 🙂",M
381,"I'm currently applying to summer internships as a third year (sadly i was unsuccessful the past two summers), and although I have improved my GPA during the past semester, and have since improved my resume, there's one major barrier: references.

Out of my applications, there are three companies that I really want to intern for, as they relate to my interests/specialization the most, but unfortunately all three of them require me to write out contact information for an ""academic reference"". Because I'm an idiot, I've never even thought of visiting any of my professors once during office hours throghout my two and a half years here. It did cross my mind, but i'm a bit of an introverted/socially anxious guy so there was always this fear that if I tried to form relationships with my profs, they'd think i'm trying to butter them. I participate a bit in class, but I've failed at introducing myself more/forming connections with my profs and none of them know my name i can tell ya

So i'm kinda cooked, am I? I can't submit these applications without providing references/contact info for professors. Since my profs don't know me that well, I can't just simply ask them if it's okay i use them as a reference. Guess i'm gonna graduate without any work experience while everyone else in my program already did like two internships😪

EDIT: bruh 9 upvotes and not one person even responded to give advice 😭",S
1089,dm me if u got a problem u cant solve,H
291,"I’ve seen on here that some people got their interviews or rejected, mine still says under review in the application portal. I also haven’t received an email on results. Anyone else? ",M
100,"If you recently lost your driver’s license near Lot M, I have found it. Please DM me so I can return it!

Edit: I turned it into campus security so if you lost your drivers license it might be there",M
184,anyone get into McMaster nursing for any of the campuses last year? if so what was ur average? I’m rlly stressing,F
973,"I’m torn between keeping this course or withdrawing. I’m honestly somewhat intimidated 😭 my only issue is if I drop this course I’m sitting at 27units to apply to my level 2 programs. I’m really trying to keep up with the modules, studying everyday, but I don’t know how well I’ll do in this course 🥲 advice please ",F
212,"I’m a first year socsci student, and I’m not really sure what I should be aiming for this summer. A lot of co-ops and summer student positions don’t really seem to apply to me/my area of study. As a first year, should I even be applying? I would like to apply to med school in the future, so if it’s a crucial opportunity I want to make sure I’m on top of it. 

Also, I won’t be choosing a level 2 program this spring. I want to transfer to a B.S.C. instead of a B.A. and need the extra year for prerequisites. Does anyone have advice for switching programs, or the best way to do it? My academic advisors in socsci aren’t helpful and I want to make sure I’m not screwing anything up. ",M
633,my in-person lab ends at 5pm but test #1 starts at 7pm. are there any post lab assignments in chem 1e03 or are they submitted at the end of lab like physics? ,M
520,"I'm a first year engineering student, I thought I'm wanted to do Computer engineering but after some projects and reflection I think I want to do Mechatronics more, because I like working with sensors and moving parts. 
Currently I think my grade is enough to get into either one. But I've heard that Mac Mechatronics isn't that good compare to other engineering program. Is that true? If there is any upper year want to share their experience about trons at Mac it will be really helpful!!",M
429,I haven't seen any posts on instagram or an update on their website about when applications for welcome week rep are being released. Does anyone know when they will/if they have already been released? Thanks!,M
587,Found something nice for next year student housing but it’s a basement room. Meaning I won’t get natural light. How bad is this for me? 875$ by the way but it’s nice and big ,M
455,"Hi Y'all, 

So I have an email signature, and thought it would be funny to have a dad joke in white text beside my signature so that no one knows except me. 

Guess what. The weirdos on dark mode know. I definitley didn't find that out by sending an email with that signature to my prof.

The moral of the story is if your a weirdo with dark mode on outlook, don't be an even worse weirdo who doesn't enjoy dad jokes. 

EDIT: Everyone defending dark mode in these comments is worrying me because I have sent multiple emails since last semester with this signature. How many people know??",M
1136,"It has 2 legs but it's standing on only one. Would it's feelings be hurt if I referred to it as the Pixar lamp?
",M
1157,"I have never in my life tasted food so utterly bland, and so utterly horrendous and disgusting to the point where I felt the need to not only protest for my money back after the meal but also immediately leave a negative review on Google Maps and follow it up by telling everyone about my awful experience there. 

I am so genuinely serious when I say this but please do not go there, please stop your friends from going there, and please let that place rot until its forced to go out of business. What a disgusting pathetic excuse of ""shawarma"" they've got going on in there. Not even their ""garlic"" sauce has any hint of garlic in it. It is genuinely utter slop food for the lowest of your lows. 

Can you imagine? You're a student at mac, you just finished a stressful exam, or maybe you have an exam coming up, or maybe hey, you just need a little nutritional boost before going to the gym. Let's go to Westdale and try something out! Ah! Perfect! Lazeez Shawarma! I love shawarma! 

Only to be met by the most slop food you've ever had in your entire life. It genuinely feels like youre filling your mouth with ai generated food if that makes any sense. Like theres an attempt at trying to create flavour and yet nothing happens, theres no magic, theres not even a moment where you think ""yum"". You just keep taking bites hoping the next one won't taste like TV static.

We as a community need to warn others and be informed to run this place out of business and out of westdale. It is a joke of a franchise and the food is a slap on the face for any poor souls that've never tried it before (me). Its utter trash! It literally robs people out of their money. There are SO many other better restaurants as gimmicky as they may be that can replace it. 

Thanks for listening to my TedTalk. Please remember never to try Lazeez Shawarma and never to spend a penny or even a minute of your time at such a piss poor quality franchise. Your pocket and tastebuds deserve better. ",D
305,"So I'm finding the Bio 1A Modules to be a LOT of work, and take a ton of time if I want to make good notes. I think I'll retain best by doing handwritten notes (as opposed to typed) and I'm taking pics of relevant diagrams from the slides. 

For Theme 1 Mod 2 I have 13 pages of notes. For Theme 1 Mod 1 I have 9. That is for one week.  Because the modules are so dense and I'm handwriting its taken me 3-4 hours + to go through each one. Is this normal? I'm concerned I will not be able to keep up as the course goes.

Any advice please!",F
864,Hi everyone! Have the open swim times at IWC been posted yet? If anyone has information please put it below. Thanks!,M
1188,if its with xu I would suggest you start praying,F
991,Probably a stupid question bc it’s very unlikely they just wouldn’t be there anymore or not work but for the first time since first year a prof wants smth handed in as a physical copy and I’m paranoid that I’ll show up to mills and not be able to print anything ,F
521,pm me if your taking the course this semester!,M
349,"
can someone send me all their commerce 2ab3 notes willing to pay i just don’t like how time consuming taking notes is thank u!",S
1166,"rare doge, i usually agree with you but this is by far the most L take i’ve seen. i’m a fiend for Lazeez. it’s scrumptious. granted i’ve only been in a couple times since they got new management, but in past years it has always been banger. maybe the new management is to fault for the decrease in quality 😔 regardless i &lt;3 lazeez.",H
998,No don't waste an MSAF. Talk to the course coordinator for innovate or reschedule the midterm.,M
352,Don’t know what Eng to do leaning to tron but a lot of people say to general ,M
1184,At what age do you start to suffer from this?,M
321," TLDR: which second year program should I choose if I want a phd to become a psychologist?

 I’m in grade 12 and want to go into social science. Wondering which second year program to go into because that would affect which courses I choose in the first year. I want to become a psychologist which will need a phd so a program that would help in that would be great. 

 I’m just confused because I don’t know if I should choose social psychology or pnb - but then inside pnb there’s human behaviour, pnb, biopnb, and neuroscience. I’m assuming for me human behaviour or pnb is the best option but I saw there’s a specialization in social psychology for research which I know is important for a phd. 

 The courses I’m taking are kinesiology, data management, biology, human development, health and nutrition, and fitness leadership. I know for pnb calculus and chemistry is important, and as you can see I do not have either. I tried to do functions but it was too hard because I was going through it in grade 11 which caused me to have a bad math foundation - same thing for chem. Would it be possible to still take the courses in uni and survive or am I cooked? Thank you 🙏 ",F
1055,Everyone I know that has done a co op has gone through the same phase of “Everyone is so much smarter than me here”. I promise u it’s normal just keep at it and fake it till u make it. It’s a huge learning curb so don’t get discouraged.,H
338,It lowk really helped me last semester and I would love to buy secondhand!,H
494,"Hi, I'm a first-year Eng student struggling with Loncapa assignments A LOT. Sometimes I can’t solve/learn it until I look at the solutions, especially for LonCapa. In lectures I see people solving it right on the spot. I'm just wondering if anyone else struggled/is struggling or finds it difficult too or am I just dumb? (if you have the solutions file please send it!!!) ",S
286,What times/days are the busiest? Least busy? ,M
504,If anyone is dropping this course lmk. I need it. I can drop lifesci 3q. ,M
987,Anyone who hasn’t redeemed their HSR voucher code im willing to e transfer $125 for it asap. Let me know thanks 😄,H
980,Yes I always wash my coat after every lab (I have back to back labs) I get way to sweaty in them lol,H
951,No McMaster will not be closed tomorrow,M
926,"I want one of my courses to be counted as extra, how do I mark that? 

",M
499,Also stop emailing them you’re gonna make it worse 😭😭w,S
595,if anyone sends me the outlines to these courses id love you forever mwah ♥︎ just need to know if its manageable LOL ,H
571,lmk if you are planning on this course?/,M
1147,"took like a week or 2 last semester i think, tbh it don't matter tho cuz like its already set in stone yurr",M
18,"It has 2 legs but it's standing on only one. Would it's feelings be hurt if I referred to it as the Pixar lamp?
",M
1057,I’m on coop rn too and have no clue what’s going on. You’re there to learn; companies do not expect much from coop students. Just do your best and put forth a genuine effort.,H
613,"hi, I am looking to take MUSIC 2MU3 and SOCIOL 2FF3 this semester, both of which are currently full. If you are registered in either course and are planning to drop it, or would be willing to trade for PSYCH 2NF3 or PSYCH 3F03 (both of which I currently have), please message me! I have registered for SeatAlert but have not been able to get a spot, so it would be so helpful. ",M
137,"I am in year 1. When you take a spring or summer course, does it go toward your year 1 or year 2 GPA. Suppose I take a year 2 course in the spring or summer, will it go towards my year 1 or year 2 GPA? ",M
126,Hey! As the title states I’m stuck taking Chem 2OB3 this semester and am hoping to find someone willing to tutor me. If anyone is interested or knows someone who also knows mac’s curriculum please let me know! Thanks :),M
562,"Hi, my friend lost a pair of headphones around the gym area, maybe left in the female change room as well. Please let me know if they've turned up.",M
400,I saw campus security go and now a firetruck and everyone seems to have left the building and there's an alarm going,U
430,commerce2ka3 has been redesigned this year. Can anyone share the new version of the test bank for practice problems? Those from past years are also fine. Thx!,M
116,"Hey guys, I will be doing my casper test feb 6th. Do you guys have any tips to go well? how is the test format? Should I study? Do you have any example? Thank you so much, that is new for me and I feel kinda scared",M
85,"More specifically their admissions office, i've emailed 2 of the email addresses they provided and haven't gotten a response for weeks despite following up a couple times. I also ended up trying to call them and their number seems outdated and immediately tells you to just email their admissions email. Is anyone else going through this too?",A
593,"I hate group work more than anything on this earth, curious to see what others think

[View Poll](https://www.reddit.com/poll/1i02oag)",A
530,Any opinions on this course? How hard is it? Is it worth taking? It’s with Maccio this semester so I’m wondering if it’s easier than past years. ,M
1182,"Furniture is beautiful  
Everyone likes to decorate their space, your tastes just change as you grow older --- it's a natural process, but that doesn't mean you'll grow out of everything you enjoy

the things that really matter to you, they stay with you

and isn't it so wonderful now to find joy in places you never have before?  
Joy in the mundane",H
1194,I remember randomly paying $12 for parking one day. No explanation was given and I still haven't heard anything about it.,A
88,"For anyone who has taken this course, what's the best way to go about studying with the textbook for the midterm? It's just so much content in the lectures and the textbook, I don't know what the best approach is. Any advice, even for the course overall, would be appreciated :)",M
947,"Is there a maximum amount of spring/ summer courses that students are allowed to take in both terms? 

like, could i hypothetically take like 4 courses in both the spring and summer (so 8 courses), or is there a max for both terms combined? ",M
964,They make an announcement on the main website by 6 am. If there’s nothing there classes are on.,M
967,"Good luck with that lol, mac will still be open when every other uni cancel classes, they are always the last to close 😂",H
201,"the heating in north quad residences is awful, my own room doesn't even have heat on and i'm drenched in sweat just from lounging?.. why do they crank it up so high, cause there's no way to put some sort of work order for that on just your own room 🫠 been like this since october ish, can they please stop cooking us alive i feel disgusting and my food is all moist too ",A
86,"Anybody know when registration opens for 2nd year students?

Much appreciated!",M
383,"Hi all…

I recently decided that I no longer want to stay in life science or anything related of that matter and impulsively messed around my schedule (was having a crisis and did not think clearly). So I’m missing 2 requirements now and we’re past the add/drop deadline. Im now taking classes relevant to the program I want to choose for second year. But im missing 3.00 credits from the science 1 course list  and bio 1a03, will I have to take them in the summer to proceed into second year at all (like will I be able to choose my second year program in spite of this?)",M
262,"https://macnutrition.mcmaster.ca/Nutrition/ServiceMenuReport/Today 
^^ link to site
but title basically, some of the calories and other info seem kind of off for the food item, so does anyone know how accurate it actually is?",M
886,Does anyone know of some interesting and/or easy electives with spots left? Thanks,M
276,"Hi! I'm a 4th year bio student applying to mac's absn, and since I have a few courses that satisfy the req, I had questions... 

1. Does the grades on your pre-req form matter? (should I focus on course content or grade)  
2. For the psych thing, does PSYCH 1X03 + 1XX3 work? or would PSYCH 1X03 + 2E03 be better  
3. For the anat + physio thing, does KIN 2Y03 + BIO 2A03 work or should I put KIN 2Y03 + 2YY3 (Im taking 2yy3 right now) 

thank you!! ",M
689,I'm taking this course this semester (online because I have a conflict with another required course during the in-person section). It says that they're a 40% exam and not the usual 35% take home exam. Should I still take this course?,M
293,"Hello, I just wonder if anyone know if the chance to be admitted into Level II Mol Bio or Level II Bio-PNB if I place either of them as second choice for my specialization coming up in April?

Thank you in advance for any answers.",M
152,"I have made many notes over the years for my courses, however, these notes are fully completed, which is why the list is very short lol. PM me and I can send you them.",M
257,"For those who have attended this for course requirements pls answer some question 

When you go to the event do they ask for registration information or attendance? Or do you just walk in to the event you’ve registered for? ",M
524,Is this course manageable with a heavy course load? Also is it 12’able and how is it like compared to English 1F03,M
1065,"I’m applying to McMaster undergrad engineering and I just completed my Interviews and I feel I did very poorly on 2/3 of the video ones, but am very pleased with my written. I have a 94% average for grade 12 courses and am just wondering how much of an impact the interviews will have on my application?",F
395,"Does anyone have any advice for Mac's PA program supplementary app? I know it's released in February but is there any general advice or what to expect for it? If you'd like, please PM me!",M
158,"Not sure if this is the best subreddit to ask, but what’s the average this year for computer science at Mac that gives me a decent chance for admission? 

My supplemental went well, and I understand the website says 90 for consideration, but what would be considered a safer target to reach?",M
21,Hi do we need to read the textbook for ENVSOCTY 1HA3 tests? Im in life sci and I rlly don't wanna have to go through lots of notes esp when I have chem and physics tests. or ill just suck it up looool,M
604,What are they like and how to study for them?,M
148,Anyone remember what the little online in class quiz on Monday is on there’s nothing posted about what it covers on A2L (or maybe I’m slow and just can’t find it). I won’t lie I was very locked out when he was explaining it so if anyone remembers I’d appreciate the info so I know what to study for tonight 🙏🙏,M
415,"I want to sublease my 10 bay room ASAP. The rent is too high for me, I want to move somewhere more affordable. Have anyone subleased at 10 bay before? I need some advice. ",S
614,"hiii if anyone has a psych 1f03/1x03 2024/2025 edition textbook they’re willing to lend, please pm me !!!",M
1037,The crush part is funny lol. This isn't middle school 😭,M
476,"Selling the following textbooks in veryyy lightly used/ brand new condition:

McMaster Biological Science (3rd edi) Textbook + study guide  

James Stewart Calculus (8th edi) (3/3 texts for math1A03) 

General Chemistry Principles and Modern Applications (11th edi) 

Prices negotiable, message for more info :) ",M
983,pay it lol. my osap hasn’t come in yet so i’m accruing allllll the late fees,H
638,is watching lecture videos worth it? it seems like everything is on the lecture slides. my prof is morrow and its fully online. can I get away with just taking notes on the lecture slides? ,M
259,"Campus store autopurchased a textbook for me because I am enrolled in a course. 

Apparently there was an opt out date on the 17th.

Does anyone have an experience getting them to reverse a charge like this?",U
877,I went to ratemyprof however there were only two reviews one great and one bad and that's a small sample does anyone have experience on what he's like?,M
1196,Unfortunate. Can students pack on any lot with a pass or is it strictly lot m?,D
384,anyone have any advice on how to 12 the course/ tips for studying for midterms??? ,M
1186,"We all change, it doesn’t mean we’ve lost anything! How lucky we are to be growing older",H
946,"Aww thank you, seriously though 2nd year analytical chemistry and inquiry has made me strong 💪",H
563,i’ve seen so many people ask but not many people answer 😭😭 but what is ART 1TI3 like? its available with eric petitti but im seeing mixed reviews about him online. im really trying to drop a class rn for a different elective so i want to see if this class is a decent option ,S
680,Hi. Does anyone have the pdf of the Student solution manual for the Calculus for life sciences textbook by F.R. Adler? It would be a great help if someone could send it to me.,M
906,"hi! I am considering taking psychometrics (PSYCH 3MT3) with Dr. Karin Humphreys this semester and am hoping to learn more about it from someone who has previously taken the course with her. 

What did the assignments entail, and did you find the tests to be fair? What was the overall workload like? Any information about your experience in the course would be much appreciated! ",M
263,"Hello!!! If anyone lost their keys in the past few days in bistro to go, my friend found them and gave them to housing and conference services. ",M
23,When you write the deferral do you just write in a room with a ton of random people from different courses like what’s the procedure? ,M
409,Have a celiac student who is wondering if they can live in residence with the food plan. Also wondering if there's apartment style residences and if it's possible to get placed with other celiacs.,M
205,"I missed last class, so wanted to ask what did he teach regarding week 3 since he has not posted the slides yet. Also will the quiz for week 4 be cumulative? ",M
1114,Yep! Written next term reading week in my experience,M
299,"hey everyone! so i have class today (lr wilson) but have a meeting at iwc same time. my iclicker uses location, does anyone know if we have to be on campus or IN that class?",M
145,I saw a girl get her coffee filled out in a white one at MUSC so I am curious about it. Do we need a particular cup for that? Do we need to sign up for anything? I’d appreciate any info!!,M
470,"just like the title states, if anyone still has access to to the kin 2yy3 and could pls pls send me downloads of her modules, i would be eternally grateful. This semester, there's a different prof and his modules are much more confusing to me. Dr Howarth's were so organized and easy to understand for me last sem so i wanted to see if i could get her last year modules. I know its a long shot but i just wanted to see if anyone didnt mind :/ ",M
336,If u come across these in a small black case pls lmk i miss them,S
292,"Does anyone know how to do well on the assignments to get 5/5? There is no rubric and the instructions are very vague. Any advice on how to do well on all of them? What are the graders mostly looking for?

Thanks",M
294,Is there anywhere on campus I can use a monitor? Like plug in my laptop and use it as a second screen,M
68,I haven’t found any methods to study. How do you al study and do memory work? And for exams and everything? Any help would be appreciated. Thank you! ,H
558,I just wanted to say this course is some bs,A
517,"If I'm in first year eng with no free choice and I want to take some courses in summer and spring to lighten my schedule for next year, am I only allowed to take general eng courses? I want to get into elec but im not sure I'll be able to so I feel it doesn't make any sense to enroll in any eleceng courses for the summer so I'm sticking to courses all engineers take. I'm gna take math 2z03 and was planning to take stats but it's not avaliable. Any other course I can take?? or should I just take an eleceng one?",M
1090,"whats happening to dr murrays class
",M
1012,"I feel that, last year bought tickets to Australia before knowing ended up working out by 1 day",M
264,"Tired of just eating food and talking. Wanna do smth fun. I fear I must take action before it’s too late 🫠.
",S
342,"If so, can you please send me your notes? We can discuss in DM's for emails and whatnot.

  
Thanks!",M
1016,"If you’re a grad student, your supervisor can liaise with uts to gain access for you",M
940,That someone recognised my Furina sticker. And first math test was a breeze truly how are you alls nights going (real).,H
1105,"mac is not allat, its defo not the end of the world if u don't get in. I like to think of mac like that one shed at the end of Portal 2 in the middle of nowhere (my dorm room is smaller).",H
610,I can’t see the application on awardspring. Who should I contact? ,M
202,cinnaholic in westdale is permanently closed???!!!! anyone know what happened? used to be my go to spot for cinnamon rolls,U
677,"Thanks for not posting it on Snapchat too, hope ur pillow is always cold ❤️",H
1185,don't be a rock climbing adult fr though. that hobby is lame.,D
134,"Found this hat in the middle of the road by the Psych Building, if it’s yours I left it in lost and found in the student centre",M
317,"what's the difference between compsci 1xc3 and 1xd3 content-wise? i'm thinking of switching into honours math and computer science and the prereqs say that i can take either one of these courses but 1xd3 requires compsci 1jc3, which i have not taken. will i be lacking a lot of skills or knowledge if i don't take 1xd3?",M
977,Nice try the cops are one their way,H
267,"in first yr looking to do irh next year, can anybody tell me about the program ? I know it’s super new so there haven’t been that many people to go through it yet but still if anyone can answer some questions it would be great",M
435,"I tried walking in front of them, waving my hand nothing 😭😭",S
908,"Hey there, if you haven't redeemed your bus pass and don't plan on using it, I'm willing to buy the code for $100 because a lot of the year has already past. Please send me a message if you're interested, or have any other offers. Thank you!",M
528,"Hi everyone, I was rejected from McMaster’s MSc Psychotherapy program and am feeling quite discouraged and hopeless, but I was wondering to anyone who received an acceptance/interview invitation, what were your qualifications that granted your acceptance? Just wanna know how to step up my game for next time. Thank you!",S
1149,Can an ra or someone who knows an ra tell me why they’re here every single week from Thursday to Saturday?? It’s so annoying I can’t even bring friends that go to mac and it’s 1 friend per person…. Like why do I need to hunt down all 3 of my roommates to have people over for an hour on a Thursday night. This only happens at mac too like no other school is doing this,A
45,"Engineer here. I can literally only apply maybe 2 courses out of the 34 I’ve taken to my co-op rn… and neither went in depth enough for me to be able to do anything on my own. 
This is so embarrassing and taking a huge toll on my mental health because I feel like they expect so much more from me and are paying me to be useless. I cried at work so many times now because I feel so stupid. I don’t even know if I’m in the right career anymore because I can’t think logically like an engineer. 
I literally can’t think am I genuinely stupid",S
1130,I did test one for this class last term without reading the textbook and I got above a 90 with just my cheat sheet so you should be good. this didn’t work for the other tests or the exam tho unfortunately…,M
132,"Hi guys, my chem midterm is on friday at 7-8:30 pm, my commute home is about 2 hours. As a girl I don't really feel safe on public transport and walking home at like 10:30 pm, I emailed and told them about this, and asked to write the early write for the test and they denied my request. I'm kinda sad/scared, idk what to do. Any advice?

Edit: Thank you to every single person who commented, such great advice, I love you all!",F
310,What do you guys do for procrastination issues. I saw someone on this community say they haven’t opened avenue in 3 weeks (which is insane lol) but just in general I lowkey procrastinate. I wanna know what you guys do or ways I can atleast slowly improve. It’s def easier said than done in my opinion so feel free to help out!,U
535,"Just wanted to put this out here since I’ve also received a lot of help from redditors, if anyone needs anki flashcards for PSYCH 1XX3 for free, please pm me. I did well in the course (I took it 2 years ago) and hopefully the flashcards can help someone else as well. ",H
175,"Hey I’m on a search for a roommate or two, preferably 5th year or grad (just for the age), looking to rent an apartment. 

Budget and other things can be talked about after. PM to see if we’d be a good fit :D ",M
544,"hey guys, i just wanted to know from u guys how is 1p13?? like wut is your grade rn and stuff like that bc i wanna know how bad the stream reqs will be :3 also lmk if you find it hard and whatnot!! i always wanna hear from other ppl &lt;3",M
631,"If not, do I have to inform them of retaking the course to upgrade my marks or is everything just automatic? thanks! ",M
421,"Hey guys, do yk where to look for housing, I’ve checked Facebook and haven’t found anything good. It seems like everyone has found housing for near year and it’s super stressful because Idk how they’re finding housing that easy. If any of you guys who see this need another person for housing next year, PM me. I’m in first year and female. ",M
186,"Hi, does anybody know what it’s like to transfer from an Ontario university to McMaster University? I’m currently in my first year but I was thinking of maybe transferring to McMaster Commerce my third year. I am currently in a commerce program in another Ontario university. Does anyone know what’s the transfer process is like and the requirements! ",M
501,"I do the modules before lectures plus the loncapa. Is it worth it to do textbook questions too? I am finding the loncapa kind of challenging and I keep having to check the answers or search up how to solve the questions

If you did well in the class (10-12) how did you study?",M
318,What tools did y'all use to make presentation slides that involve mathematical equations/algorithms? Usually I use beamer but the theme is fixed and there's no variation. Someone suggested I can just use Microsoft PowerPoint but the add-in MathType needs admin approval.,M
1133,"Honestly you dodged a bullet- CAing is a lot of work and not worth the pay scheme. 

Plus, getting a good room (like peter george) is a huge gamble.",H
356,"i want to apply for this research program for the summer but i’m so confused. could someone answer these if they can please?
1. so far i understand that we need a supervisor, so do we email the prospective supervisor first, then once they agree email the department? or do you email the department with someone that you have in mind?
2. do you work on your own project or just work in a lab on an existing project for the supervisor?
3. is it only natural sciences and engineering research? (ie no health or pnb)

also feel free to just explain the whole process if u can, thanks sm!!",M
581,"I’m a first year Socsci student here at mac and u fortunately I don’t have the money to buy the Social Psychology textbook for this Winter Semester (Myers, D., J. M. Twenge, C. H. Jordan, and S. M. Smith (2024) Social Psychology 9th Canadian Ed. McGraw-Hill) and I can’t find it anywhere online for a free download and my usual sites don’t have it. 

Can anyone help a broke sister out and let me know where to find it for free?! 

I can’t do any of the readings guys pleaseeeee!!",S
1003,has anyone received their deferred exam schedule? or knows when it will be released?,M
1041,"I put on headphones, it blocks out enough noise not to distract me, and the prof is loud enough to hear.",M
475,i’m selling mine if anyone is interested,M
1019,Practice speaking infront of a camera like you are making a youtube video,M
1174,"Yah, food is below average there.",A
445,"Title. There is already a Mac F1 Club for F1 fans which has tons of members. How many people would be interested in this type of club for the NFL? Essentially to talk football, talk trash about other teams, talk sports and have a huge fantasy football team next season. We could maybe create a flag football league without fees or something of that nature.",H
611,"Ok I know this is both specific and odd but due to my work schedule I’m not able to attend the Wednesday lectures (or I can attend them rarely) and since they are not posted online I really do need to get the notes for them. If anyone would be willing to provide me with some notes from my missed lectures going forward I would greatly appreciate it. 

I work at a brewery and can give you free beer in exchange for your troubles 🙏 ",M
509,"Two days ago I saw a post on instagram that had the words ""Back on Track Science - McMaster"" and I can't seem to find it anymore. From what I remember it was a post advertising a back on track help session for science students but I don't remember what mac account posted it. Has anyone else seen it? ",M
1051,Of course you won't be using everything you learned at school. The degree is to teach you how to teach yourself. You're at your co-op to learn how to work.,M
109,to past bio 1a03 students… are the modules REALLY necessary? like will i completely fail if i don’t watch them because imo its such a waste of time spending hours writing notes on/trying to understand the modules before tuesday of each week. this has caused me to be caught in an unending cycle of catching up on last weeks content and i’m lowkey so done with this work load someone help ,S
676,"I was wondering if The Gkromst courses 1B03 and 2MT3 can fulfill UOFT med and dental requirements for social sciences and humanities. On the websites it says classics are accepted and I know these courses used to be considered as classics, but im not sure. Any help would be appreciated!!",M
510,if i study off the weekly quizzes and take notes off of the lecture slides is that enough. Overall is it an easy 12 if you put a decent amount of work in or no,M
1181,"It's a natural part of life. Everyone will have to become an adult at one point, and there's nothing wrong with it.

Although I'll add, fantasizing being an adult and, actually being an adult, along with considering the responsibilities and inevitable stress that comes with it are 2 very different things. 

Imho, you haven't lost your innocence yet, but you're getting there.",H
686,"Hi! I was hoping a spot would open up for POLSCI 3V03 but it doesn’t look like it will so I am considering taking POLSCI 3K03 instead. Does anyone have any insight on the contents of the course with Dr. Hosea Patrick. I can’t seem to find this semester’s syllabus anywhere or one from a previous year with Dr. Patrick. I am hoping someone here could help me…What kind of assignments am I looking at (e.g. papers, quizzes, tests, reflections)? Any group projects or presentations? Is attendance mandatory? Anyone taking it this semester or who has taken it before with Dr. Patrick—any insight would be greatly appreciated 😊",M
424,I have Dr.Donaldson as a prof and his lectures so far are great. However the final is in person and I’m worried that I’ll end up screwing up the course. Does anyone have advice on how you can excel in this course? ,M
130,What’s the hardest/worst schedule you’ve ever had? My current course schedule is pushing me to my limits lolololol I wanna feel better ,M
209,My bf doesn’t go here but I want to take him to the climbing wall - anyone know what the one time bring a friend fee is for non students?,M
341,I am in 2nd year comp sci and applying for co-ops rn. There's a lot of 8 month options that I think I'd be good at but I swear I heard from somewhere that you can't do more than a summer co-op until 3rd year. Is this true or am I making it up in my head? (Also if I take an 8 month from May-December I'll almost 100% be taking another 8 month January-August cause otherwise my schedule would be hell on earth).,M
1122,"Bab! Right on Main street beside Doughbox, always busy tho",M
1119,Menya Kyu has some fantastic ramen,H
534,"especially the assignments, any advice would be appreciated ",M
661,"hiii i'm a first year med rad student, and i was wondering if there's an upper year who's willing to answer some questions i have about the program?",M
1046,my dumbass thought this post was gonna be about cats at mills and was so sad for a sec that i missed seeing kitties at mills LMAO,U
427,"I’m a first year social science student and I’m taking socpsy 1z03 currently and I’m not sure how to study in an efficient way. Like I considering making flashcards based on the textbooks but a lot of people I know didn’t even use the textbooks when they took the course last term. I’m also really crappy at taking notes during lectures so I low key don’t know what to do. 

If anyone has any tips or is willing to send me their social psychology notes please reach out!!",S
1081,CA Interviews came out today. Check your Outlook email,M
237,"i submitted a petition in october to remove the W from my transcript after i dropped my independent research project. my supervisor was emotionally abusive, had zero boundaries, was hard to contact, and didn’t communicate any guidelines/expectations. it was really taking a toll on my mental health. anyways, 3 months later my petition is denied. has anyone been in this situation and continued fighting their decision? ",S
966,Bro was trying to cope cuz he didn’t wanna go to class lmaoo,H
592,"Hey guys! To anyone in the IBH program, can you guys pls tell how the interview process was like and what sort of questions they asked? asking this for a friend from hs!",M
936,"You could just do general life sci and do a psych minor, SMS doesn’t really have that many extra courses anyways.",M
373,The first quiz is coming up and im not sure the difficulty or how to prepare. What should I do? Thanks.,S
1034,"First off I want to say you don’t need the supplemental with an average above 90, you can easily get in without it.  Second off you can bend the truth or inflate it they will not contact you to figure out the legitimacy, there’s people I know who only did 40h and they told me they forged them anyway so you should be fine! Worst case just say you babysit for your neighbours free of charge and that’s you volunteering 🤣 Anyway I’m fairly certain you will be accepted with a 93 average so don’t worry about it you’ll get the acceptance soon 👍🏼Premature congratulations to you.",H
51,"Seeking one female housemate to join 6 other girls in a shared home for next year!

- Spacious 7-bedroom, 2-bathroom house
- Just a 5-minute walk to campus
- Rent: $950/month

Let me know if you’re interested and I’ll provide details!",M
539,Are the previous year classes stay accessible to students? I still have my semester one course on A2L and am wondering if I will always have access to it or should I download it just to be safe since I need the course material for something else too.,M
1158,"Rookie mistake, pita n more &gt;&gt;",M
185,"Lost cat at Norfolk st s, taking shelter in student housing. contact me if u 
have any info on possible owners. ",M
1082,Hi! I graduated last spring and I was wondering if you would still have access to avenue if your email expires? Any 2023 and older alumni able to let me know? Thank you! ,M
44,"Looking for others who are interested in living in Ancaster. The area should be Wilson St and Fiddlers Green. I think rent may be close to 850-900. 

Pm if you’re also looking or want to question me lol. ",M
989,"Pretty sure 2000 words was the limit. You should be good with 1200 words, I can send you a reference of a paper I got a good grade on?",M
1073,"I have a supervisor, but the position is conditional on getting funding and I don’t really have any idea whether my GPA is high enough to be competitive. I know that the cutoff will change each year and depend on what kind of project you’re applying for, but can people in engineering who have applied before comment with your GPA and if you got the funding",F
1040,"But Jake told Courtney and Mackensay he liked her. We'll have to wait for next episode of McMaster Heights.

Pretty sure the plot twist is Jake is in love with Greg.",M
565,Did anyone else get rejected from the MSc Psychotherapy program? Hit me up so we can be sad together. ,S
531,"Hello! Can anyone who has taken this course provide some feedback ? Do you recommend attending the lectures in person - they seem pretty content heavy.
How did you find the tests? Any tips? ",M
469,anyone taken this course? how important is participation? is it just for guest speaker sessions or all? ,M
1093,There's some nice study rooms on the second/third floors of PG,H
1008,"does anyone have access to a pdf of the textbook that they could share?   
(Joseph Holden. Water Resources: An Integrated Approach. 2019. Routledge. 2nd edition)",M
340,"Hi everyone - I’ve recently lost a bracelet and I thought I’d make a post just in case someone has found it.

On Saturday evening (January 19th) I was at Perfect Meat Bowl hotpot and had a dainty gold chain bracelet with dark green gems on it, and then along my journey back to MUSC it came off. If anyone has seen it please PM me!",S
453,is it possible to enter the children's hospital through mdcl? i have a volunteering thing that always meets in the hospital and i'd rather not walk around to the front entrance every time. if it is possible - can anyone use that pathway? i want to make sure i'm allowed to go through there 😭 thank you!,S
543,"One of my friends told me there's a practice room with a drum kit, and I was wondering if I can just go in there and play. I saw a post on this subreddit about a person with a minor in music asking about practice room access, so I was also wondering if these rooms are only open to music students or if anyone can access them.",M
348,can someone send me all their commerce 2fa3 notes willing to pay i just don’t like how time consuming taking notes is thank u!,S
20,"Application and interview process, had no interview with them ? Did anyone else receive an email like this for the rejection ? ",M
1152,if you get any could you send me also?,M
505,"Hi!

I am wondering if there are any easy writing courses or courses that are targeted to improve your writing. I heard of ENGLISH 1F03 but I am unsure if that’s the course that fits what I am looking for.

I haven’t written seriously since first year university since a lot of my courses in my program did not require essays. I feel like the quality of my writing has gone down and I want to improve on it. So, any courses?

I also know there are writing workshops at Mac but they are never offered at a time that works for me. :/",M
399,"Hey all. 

I’m from Toronto and I drive to Mac several times a week.

It’s a bit of a drive and gas/parking is kinda expensive for me.

I’m down to pickup/drop off students on my way, as long as they pitch some change for gas.

I’m in Scarborough, so I literally pass by all of toronto, Peel, and Halton Region on my way to campus, lol.

DM if interested.",M
324,"I have a room available for a female McMaster student, 10 minutes walk from campus. For the spring/summer semester only. Pm for more details. ",M
665,"I was wondering if anyone has ever done a second degree in Engineering after they completed their first degree. If anyone has please let me know how it works, in terms of how many credits you needed to take, admission process, etc. Thanks!",M
388,I don’t understand why this is wrong I can’t see any of the other options being okay in the lab💀 am i missing something here ,M
1155,Hey i’m a first year how are you guys feeling about the midterm tomorrow?,M
1117,"Love Mesa downtown, fantastic Mexican food",H
1052,"Totally normal! You are new to things and are learning. if they make you feel stupid, that’s on them, might not be a great employer. 90% of the stuff you do at work has no connection to school tbh. 

Be helpful, do your best, act like you care about the work, be humble, and ask questions when you don’t know. As a co-op student, if you do those things, you will be successful. 

Take the lessons from this place as a learning. Be confident, you got this and deserve to be there!",H
183,"My amazon package said it was delivered today and I’m really looking forward to this package. But idk if Mac will deliver on weekends 🥲 Please someone tell me you’ve gotten a weekend package before!!!
",F
248,I feel like anytime I see someone's hand raised in class the professor never notices them. They ask the class if they have any questions then just look straight at the floor walk to their laptop change the slide and continue lol. Anyone else?,A
240,"hi guys 

i want to send flowers on valentine’s day specifically in the morning!, currently in an ldr what are some good affordable florists nearby that will do that. pls lmk thank you!!",M
880,Which one easier I just need easiest one 😂 ,H
312,"if you are, dm me! i just have a few qs about the course in general but some other stuff as well :) ",M
417,Is SpongeBob using his lil slide whistle again 😂,M
0,so fucking loud it was blasting my ears off dude I just want Tim Hortons,A
1123,Plank Restobar on Augusta is so good especially if you like sharing with your partner/friends!,H
273,"hey! we are 2 girls in first year life sci and are looking for people to form a little study group especially with midterms coming up so we can share notes, study tips, etc., message me to be added to a gc :)",M
576,Hey I’m applying for iBioMed and have to do my interview soon so I was wondering if anyone has any tips or advice for it. Do they ask program specific questions or more general interview questions? Is it worth a lot of the application? Thanks,M
91,Hey so i wanted to start praying at thode basement but ive never rlly prayed much in public so im a bit nervous. is there anything i should know before going? Should i just show up at the prayer time? Plz help a sister outtttttt,M
601,I want lab 1. I'm willing to drop lab 4 so lmk if you're down.,M
473,"I’m a 2nd year, and I fully hate my degree, despise with all my heart; don’t even wanna enter any job with this degree. How do I switch my pathway and will I have to redo 2 more years of school ",D
939,"Honestly, I don't really remember much from the course. I remember the midterms were fair. You should know the case studies, main take aways, theories and explain them. I think route memorization of slides would take you most of the way but you should go to lecture. 

The final exam is more specific MC Qs so you will need to know and be confident about fine details.",M
999,I haven’t found any methods to study. How do you al study and do memory work? And for exams and everything? Any help would be appreciated. Thank you! ,F
1170,I can’t remember what was there in 2017 but it was good,H
561,"So I haven’t got back my Econ 1bb3 grade back and it’s honestly really annoying and stupid since the exam was on a scantron. A couple days back the prof sent a message on avenue that it’s still in the works and “they have to go through multiple layers of approval” like there’s actually no way. My problem isn’t that small however, the real issue lies where I have 2 courses this term that have this course as a pre req and in all honesty the exam didn’t go well for me so I don’t know if I passed or not. Also The last day to drop and add courses is tmrw and it would be nice if it comes out today but even right at this moment it’s not so if it’s not out by tomorrow I’m screwed. 

Edit: it’s finally out ",M
653,Does any one need any person? I need a group plz I want a hardworking group to get good on this.😭,S
288,Hi I'm in third year envirsc and I'm looking for any upper year students who are taking Chem 1aa3 this sem and wanna make a study group,M
459,"Hey fellas, if anyone has the course pack can you please send it to me, I will love you forever, ty. ",M
515,Anyone else having trouble logging into Oscarplus these past few days? Its been so clunky and slow for me,S
1120,"I live downtown, if you like delicious food with great portions for a good price order the handmade noodles at szechuan noodle bowl. My roommate and I eat there nearly twice a week, never gets old.",H
887,^ I’m like eh at math and in commerce. ,M
343,does anyone know where we can get information on concurrent/double degree’s. is it the same as a double degree? i’m looking to get one in buisness and im in science rn. is it worth it? ,M
985,U can still pay ur tuition ur just gonna get a late fee added to ur tuition,M
878,what courses this term are online or virtual ,M
413,Is the willy dog stand closed in the winter? Does anyone know when it’ll reopen,M
572,"anyone currently taking this class, can you please let me know how it is and if the tutroials are mandatory??",M
482,"hey guys!! i want to get my belly button pierced, does anyone know any reputable places near mac that have deals? thanks!! ",M
43,"Ok so like even though I did physics in grade 11 and 12 physics has always been one of my weakest subjects and I have the midterm next week and I’m low key panicking. Like I don’t even know which topic I should start studying from and the Lon capas do NOT look like what we’ve been going over during classes and I’m freaking tf out!!! 

Can someone please help me or give me some advice pleaseeee",M
236,Does anyone have these kind of resources that they reliably used? Would really appreciate if anyone could share them 🙏🙏🙏,M
982,I think you just get a small late fee. But sometimes they don’t even give you the fee until much later after the due date. Just pay it off today and you’ll be fine,M
545,"Hi, I'm waiting for a spot to take MUSIC 2MU3. If anyone is taking it can you briefly describe the course? Are all assignments, quizs, tests, and final are online? Does attendance count? How is the outline looks like? Thank you!",M
1024,"Has anyone gotten an interview offer for a new ca position? I’m not sure if they send the rejections a day or two after, so I’d like to know asap so I can sign a somewhere else ",F
332,"hey guys, 
What’s the process for nserc? Do I need a supervisor first to apply? 

I’m really confused ",M
1150,im not an ra and i live on res too but yk just think about it. ik its annoying but if the ras aren’t there basically anyone can come and enter… like ANYONE which could be unsafe. I went to my friends res at uw one time and there was no security whatsoever. I could’ve easily brought dangerous shit etc,M
542,"EDIT: OMGGGG GUYS YOU CAN LITERALLY SWITCH INTO A DIFFERENT TUTORIAL/LAB SECTION EVEN IF THE LECTURE IS FULL!! You just have to go to the student center &gt; swap &gt; and add the new lab/tut section you want and it'll enroll you if that new section has seats. bro why is MyTimeTable so garbageeeeeee.



im literally in the course but i need a different lab time since it conflicts with another course I want to take for grad school.

literally everytime a spot has opened up, i've missed it. is it still likely that people might switch/drop?

I'm in Lab L08, and im ok with switching into labs 1,2,3,4,5,6,7, and 10,11. It shows here that the labs i want are 'open' but i cant switch into them because the C01 is closed.

Is it possible for them to just switch the labs around for me???

https://preview.redd.it/0y8rsb8svuce1.png?width=1302&amp;format=png&amp;auto=webp&amp;s=5a1429dc800c3774c23bf1be6380eae01b5b682c

https://preview.redd.it/wgho1g8svuce1.png?width=1302&amp;format=png&amp;auto=webp&amp;s=707a17823f711fd1b0cd3bfefdeefcaa32e0b29d",M
272,"Seriously, I love not being able to feel my fingers and having my face burn as I walk from class to class. I can't wait for spring and warmer weather. The only downside of warmer weather is exams.",A
892,"I'm kind of freaking out. I took 1LS3 in semester 1, after dropping out of 1A03 to take it. The first few days I was really confused and found 1LS3 to be better. I did not have a great high school calculus class and so my skills weren't great. I passed 1LS3, and I probably could have done better had I managed my time better, but my grade first semester wasn't great (C+). After doing some research, chemistry and chemical biology don't recommend one calculus course over the other. The most I can find for 1AA3 being recommended is for chemical and physical sciences, but 1LS3 is still acceptable, I would just have to do additional work to bridge gaps for certain courses.

I was in 1AA3, but I dropped it and changed into 1LT3. I talked to some people who work at the desks in the departments (I believe they are the academic advisors), and chemistry and chemical biology said most students took 1LT3, but the math department recommended 1AA3 because it was aimed for the chemical and physical sciences. However, they did say that a math person would always recommend it over 1LT3 because it's pure math, and that if I felt better taking it as it was a more straight forward transition and had a good prof, than that was also okay and they might even recommend that more.

I'm afraid I made the wrong choice choosing 1LT3 and it's causing me a lot of stress. I don't know if I'd be able to switch back into 1AA3 if I've picked the wrong choice, either. I need some advice; do I try to go back to 1AA3, or am I worrying over nothing? If your someone in chemistry in an upper year, would I be at a disadvantage? I've read that a lot of linear algebra (which I will be taking regardless of which calc course I'm in later) and differential equations are used in chemistry, like physical and quantum. I don't know what sort of chemistry I want to pursue. 

I'm not terrible at math, and I would prefer to choose 1LT3 simply because I have heard Clements is great and it's an easier transition from 1LS3. I feel like choosing the 'easier' path isn't necessarily the 'best' path. If choosing 1LT3 would be bad for what I want to go into, I could probably do okay in 1AA3. I may go to grad school later on, and I don't know if that will affect anything. 

tldr; am I screwed later on for chemistry if I take 1LT3 and not 1AA3?",F
334,Title ^^. Im trying to complete some required courses over the summer at a diff institution. I checked mac’s transfer credit search website and found the equivalences at the uni i wanna complete the credits at over spring/summer. Anyone know from experience how difficult it is to get a LOP?,M
256,"I am graduating this spring, but I am wondering if I can push back my date of graduation so i can graduate in the fall. I want to take a few classes missing for applying to some grad programs and I'm sure that I only need 1 semester to get them done. Or Is it possible to do a fall semester and graduate around December(end of term), instead of doing both fall and winter? 

would appreciate the advice  
",M
621,Is anyone willing to trade hthsci 3t03 for hthsci 3dm3 or hthsci 3ph3? PM me! ,M
1138,"It is keeping the other foot warm, then will switch in a bit.",M
986,"If you got the fee and this is the first time this has happened and/or you’re waiting for OSAP. Go to the financial aid office in Gilmore Hall and tell them this is the first time and you always pay everything on time and they may waive the fee for you. One time osap didn’t cover my entire tuition when I thought they did, and I got late fees on my account, I asked the lady kindly and let her know the situation and she waived the fee and I paid my tuition!",M
923,hi has anyone that has taken this course lmk if it was 12able and lmk what they thought about the course and the overall content? Were the assignments and marking difficult? ,M
664,"Hi guys.
I’m just here right now to get some things off my chest that I feel I have no one else to tell. The problem is me and my mother. She’s an amazing person, but she can be the most difficult people to talk to, or even deal with sometimes. Sometimes, I like to bounce ideas off of her or tell her something I want to do (an extracurricular, volunteering opportunity; etc) and in the end, she makes me feel like a complete idiot for even wanting to do it in the first place. All this, focusing on school, getting into your specialty, “why do you want this so bad” - serious tone. It’s very pressurizing to even talk to her about school. It’s a very big deal to her and I can understand why it is, but sometimes, I feel like she cares more about it than I do. She makes a bigger deal out of things than even I do, and it’s my school and future career. In most cases, it makes me feel sad, embarrassed, or ashamed. Let’s say I didn’t get into the specialty I wanted or wanted to do something else after graduation, it all comes down to, “you worked too hard to get where you’re at!”, etc. I don’t get it. It pushes me down so much I can’t even study or think about anything else but that. It makes me want to refrain from telling her anything about my plans, little or big, but as I said in the beginning, she’s one of the only people I really have to talk to as I’m very introverted and I hate it sometimes that she’s like my only rock. My siblings don’t give a single shit about my life and my dad’s usually on the same page as my mom. Anyways, sorry if this is a long one, I just really wanted to get this out and I think it would be sort of comforting to see what others have to say and know I’m not the only one with this problem.
Take care guys ",S
1007,Does anyone in iArts happen to have a picture of the paper prices? I keep forgetting to take one and I don't stop by the studio very much. ,M
1108,"which t.a and also prof said there was an ""egregious incident"" in the lecture like 3 hours ago",M
98,Is there a GC for this class? If so can someone send the link 🙏🏻,M
346,"What's your favorite food at bistro?


I am looking to try new options",M
529,"Hey guys I was hoping for some help with a floating lecture that I have: philos1e03. I ended up with only one lecture on my Mondays (i didn’t read the syllabus and realized the tutorials on my timetable for Mondays run every other week) I commute to school and it would be very inconvenient (and costly) to commute every other Monday for only one class especially since my lecture is at 2:30 which is right in the middle of the day. Would anyone in philos1e03 be willing to send me their notes? or even record the lectures for me? 

Thanks guys :)
Sincerely a broke commuter🙏",M
454,"Im a first year social science student taking sociology with Dr.Samuel and I'm having trouble understanding how I'm meant to effectively study for this course. i understand the readings and find them interesting and I've been making notes of them with flashcards. I'm not even half way through a chapter and Ive already made about thirty flash cards. all I'm saying is there has to be a better way to study for this course without using 100 flashcards for each chapter. 

does anyone have any advice?",M
284,"Hello, if anyone has any past studying material or last years midterms and/or exams for the following courses; chem 1e03, math 1ZB3, Physics 1e03, it would be great if you could please send it to me, thanks. ",M
217,"Does anyone actually know how to get in contact with the pnb academic advisor? I emailed her to book an appointment and she took 4 days to reply. She basically said we can meet the next week and asked for my time preference. Then she ghosted me after I replied to her question. Do I just drop in, email her again or cry myself to sleep? ",S
34,Hi! I graduated last spring and I was wondering if you would still have access to avenue if your email expires? Any 2023 and older alumni able to let me know? Thank you! ,M
1189,I saw the Mac post about it. congrats to the winner but what does the disqualification of one of the candidates mean I’m confused ,H
516,"Hi guys, did anyone take stats 4a03 itch P.E Jaguyo? Do you’ll have midterms or assignments from previous semester? previous Midterms would help me practice and get idea of how he tests. Thanks. ",M
1083,Access is tied to your macid. Have you tried logging in?,M
182,"I’m currently not doing as well as I’d like in biology, with an 85 average. I’m considering retaking the course next semester through night school to potentially boost my grade and include it in my top six. Would universities, specifically McMaster and Queens (since I’m applying for Health Science and Life Science), penalize me for this?

I’ve read online that retaking up to two courses is generally fine and that night school/online courses are accepted, especially since we’re required to take two of them. However, I’m worried this might impact my chances of getting in. I do have a solid understanding of biology, but I struggle with test-taking, which is affecting my current grade. I believe my foundation for university-level biology is strong, but I’m unsure if retaking the course would be viewed negatively or if it would actually help my application.

I'm sorry for asking about admissions, as I know it’s a common question, but I’m really trying to make the best decision for my application. Any advice would be greatly appreciated!",F
1095,"Ever since I came here I felt unwelcomed and like a burden to my peers and profs. I genuinely think my mental health plummeted the moment I stepped foot here.

However recently, a really awesome TA helped me out with stuff and I actually felt seen here.

Like someone cared. I honestly want to nominate them for something! I know there was the TA award thing from earlier but I only had this TA this semester and missed out. Is it too late for any other awards? Nobody else helped. Other TAs would yell at me


If they find this: thanks so much for making this semester more bearable. I thought I was in the deep end and was going to call it quits but you genuinely made an impact. Thank you again! :D engineering is so difficult alone both academically and mentally and it helps immensely to know somebody out there cares and wants you to succeed.",H
607,Does anyone have experience or advice? Currently in my third year of chem and realizing my true passion is writing and philosophy. ,H
39,"Hey everyone,  
I’m in a frustrating situation and could really use some guidance. I took **ECE 712** during Fall 2024, and we’re now well into Winter 2025, but the final grades still haven’t been posted. The professor is a retired/rehired instructor who’s been completely unresponsive to emails, and I haven’t been able to reach them via office hours either (no replies, no posted updates). 

Has anyone dealt with a similar scenario? Should I escalate this to the **ECE department** directly?",A
626,"Halfway through my chemistry degree and im realizing my true passion is in philosophy, (+ ethics, politics and economics). How is the program at Mac? I feel terrible for realizing this so late, but I genuinely enjoyed chemistry so it took awhile. Ive loved the philosophy electives I’ve taken so far. Think im going to take time off to save up and come back and start over",S
930,"Anybody know when registration opens for 2nd year students?

Much appreciated!",M
380,"Hey, I'm a grade 12 student deciding on which university to go to for astrophysics. 

I have heard that UW may be a better program for this major, however, I'm not sure I'd like the highly competitive nature there. So, is McMaster astrophysics still a good program if I want to go to grad school, or should I go with UW? 

A user on a different thread mentioned that it is ""swept under the rug"" at McMaster, and I'd like to hear if that is true. 

Thanks :) ",U
443,"So I started taking kendo classes at the Japanese cultural centre in Hamilton. And one of the senseis said that since there are a few mac students who already do kendo he offered to run a kendo club at Mac. 

Kendo is a sword based Japanese martial art. Think of it as samurai sword fighting. 

I don’t know how likely it is that we will get enough interest, but I figure I’d ask since he offered. Would y’all be interested in that? ",M
673,"Does anyone have access to the textbook below? Also, for those who taken the class is it needed? some people are saying its exactly whats covered in the lectures so idkk:)

Joseph Holden. Water Resources: An Integrated Approach. 2019. Routledge. 2nd edition. ISBN-10: 1138329223. ISBN-13: 978-1138329225


PS. is anyone in a gc/discord that can add me, it would be greatly appreciated &lt;3",M
94,"It’s called “bring a tissue to class” and the goal
is to avoid sniffling and disrupting everyone’s focus by being prepared. You’re allowed to go to the washroom to blow your nose too, no problem. All the cool kids are doing it. ",A
953, Lol what? No. There’s only about 1cm expected. The only time they’ve canceled for the past several years is when we got 40cm of snow,M
642,"I was thinking of switching physics to the spring term instead of the winter to lessen my course load. I was wondering what the layout of Physics is in the spring term. Is there a synchronous online option or is it in person? I can't seem to find the spring course outline anywhere. For background, I haven't taken any high school physics courses and was wondering what the smarter decision will be. ",M
1053,Nah completely normal. Theoretical uni knowledge will give you a strong base but no practical experience. The whole point of the co-op you are on right now is for you to gain that practical experience lol.,H
177,"How are hthsci 3RS3 quizzes? Difficult? Easy? Mediocre? Anyone who has previously taken the class, please let me know. They are worth 10% each. ",M
875,Hi I was wondering if anyone had the math1ls3 course pack pdf!!! Thank you !!,M
218,"Grad students: I just applied here for MSc, but I’ve actually never been to Hamilton or seen your campus. What’s your life like? Do you live near campus? Commutes? Are there good study spaces? Would love to know:) ",M
599,"I'm trying to decide which prof to chose and need some advice. Here is what I've gathered:

1. **George Hough** \- everyone is terrified of him, harsh grader, unclear (literally half the class got up, left, and dropped before he even finished his first lecture... it was CRAZY :0)
2. **Luis Angel** \- sweet but limited reviews
3. **Kelly Linton** \- literally a ghost can't find anything about her
4. **Olga Skarlato -** harsh grader, comes across as mean

The only one that really fits my timetable is Kelly Linton but I have nothing on her and have very limited time


Update: Kelly Linton is an absolute gem everything worked out :))",H
970,Aren’t the course list already out on https://inspire.mcmaster.ca/spring-and-summer-mac/,M
635,"Hi to the girls on here! 
Where can I find manicure places in hamilton that is not too expensive. 
Id like to be able to get my nails done once a month and my budget is around 50-100$ ",M
1159,"RS, i worked there for a week, and i insta quit. The owner is a dude who takes advantage of international students, they pay is sketchy, ik one of the former employees there was a masters student and when he left to go do a coop, he got stiffed from pay. He made me do 3 unpaid training shifts each 8 hrs, then when i did a 4th 8hr shift, he said hed pay me for that. He has not paid me for that. And i see the back of the restaurant, that shit dirty asf, do not eat there my brothas.

It might just be that lazeez, im sure other locations better",D
1084,are there even places to sit and study in these buildings and if so where are they?,M
170,"Are the questions similar to LON CAPA and the iClickrs in class? Bc I feel like a genius solving these but I bet the actual test is much, much harder. ",H
174,completely forgot that tuition is due today -- is the deadline midnight? will i be ok if i pay it rn -- does anyone know if it'll process in time?,F
35,"They told us they would start interviewing us next week, so I would assume this week would be latest they would inform us… i guess not. It’s just annoying because I want to look for housing if I don’t get a position ",A
260,I lost my miffy mp3 player last semester and I still feel so sad about it. If you've seen it please let me know. ,S
1143,it’s just doing some yoga exercises,H
1011,Title. Trying to plan vacation lol,H
347,"Anyone have external resources to help understand these Math 1LS3 labs better? Any specific videos to help someone that is completely illiterate when it comes to code?

I'm having such a hard time with them I have 0 coding knowledge and it seems I just can't wrap my head around them. I'm seeing a bunch of people saying ""they're free marks"" but out of 6 marks for lab 1 I have 3 wrong. I watched the tutorial on how to use jupyter and python and all that but I couldn't really understand anything that was being taught in lab 0. ",A
630,does anyone want to swap their tuesday 11:30 time slot (L05) for a wednesday 2:30 time (L08)? ,M
392,"Did anyone not take gr11/12 physics (like me) and manage to 12 the course, if so how and where do you get more practice. Thank youuu. ",M
527,"has anyone taken this course and what are ur opinons on it. Is it 12able, is it bird?? And if anyone has taken it do you mind telling me how its structured??",M
477,"Selling the following textbooks in veryyy lightly used/ brand new condition:

McMaster Biological Science (3rd edi) Textbook + study guide  

James Stewart Calculus (8th edi) (3/3 texts for math1A03) 

General Chemistry Principles and Modern Applications (11th edi) 

Prices negotiable, message for more info :) ",M
619,Has anyone taken the class with Christina Devries? How was it and did you end up with a good mark? Any advice would be appreciated 🫶,M
375,"Hi all,

I see that compsci 1xc3 is offered in this upcoming summer term. Does anyone know if it can be taken fully online? ",M
663,"I’m a science student right now looking to switch but don’t have the Mohawk degree, is it possible to complete this from McMaster? What’s the cut off gpa? I haven’t been able to find information about this for McMaster students. Please let me know, help is appreciated.",M
650,"I was ""conversing"" with chatgpt to try and work out a problem (mainly addressing areas I was confused in) and it responded by initially telling me I asked a sharp question and I got way too fucking happy before a brief period of self reflection.


I need to study with a real person istg 🙏",U
1168,AI GENERATED FOOD 😭 bro is getting creative,M
168,"Does anyone know if there are any labs at McMaster that are willing to take undergrad students as part time research assistants over the summer? I really would have liked to do full-time but I have to take some summer courses for prerequisites ://
Is it possible to get a paid part-time research student position or are they all usually full-time?",M
478,"I lost my AirPods today around 11:30 to 1:30, somewhere between the 3rd floor of the Hub (the seats right in front of the stairs) and PGCLL 127 (the back rows in the middle).  If anyone finds them, could you please DM me on insta @ vivian.vuong Thank You!",S
308,"As cold as it was today, having to march building to building for classes, just cancel the whole day together what is this cruelty and torture 😞 ",S
178,"For people who transferred from a different uni to Mac social science I, when did you hear back of an acceptance ?",M
890,"how are both of these courses?? 

will it be a lot to take these both at the same time? 

i am currently enrolled in both ",M
1060,"Looking for others who are interested in living in Ancaster. The area should be Wilson St and Fiddlers Green. I think rent may be close to 850-900. 

Pm if you’re also looking or want to question me lol. ",M
377,"Planning ahead for next yr, but are there any easy electives that are only offered online during the fall/ winter terms that are years 3-4? ",M
1044,is anyone without a group or need a member for their group? pm me!!,M
988,"For ELP how close to 2000 words do we needa be. Like is 1100 enough. Past students plz help 🙏🙏🙏, I did seminar not much else to say ",F
251,"Kimchi fried rice
Thai spicy noodle
Wok fried rice/stir fry
Local Striploin Steak
",M
865,I'd like to ask about Software Engineering students - is it common to find co-op positions in the summer of second year? I've browsed the co-op platform but there are very few posts for Level 2 students. I'm feeling quite anxious about this,F
959,Snow days aint gonna change midterm dates,M
1126,Wass is so freaking good. Same with Plank,H
407,"Hi, I am a new international grad student for 25 fall term. I want to know something about rent in Hamilton.

My budget varies from 800-1200, I hope to know what kind of room can I afford. Such as, how long it takes to school ? how many people will share the washroom? 

Besides, I wish to know how to find a reliable roommate? I am a quiet girl and I love cooking Asian food, I hope I could find a roommate that we could share food together☺️

Thanks for ur answer in advance🥺",H
41,"Hi, we’re a group of 5 girls looking for 2-3 other girls to live with us for the 2025 academic year (May 2025-26). We’ve signed for a nice 8 bedroom house located in Westdale, and if you’re interested please dm me, thanks!",M
971,How do we feel about the first test? Yay or nay,M
1014,"Guys how do I log in into MacDrive, it’s asking for email and password and it’s not working…please help!!!",F
1049,"i work in CATS! if people around you aren't shutting up, please come up to the front desk and we will tell the students to be quiet, repeatedly, if necessary. if they're still yapping, we can always report them to our manager and she can give them an official warning",M
512,"If someone is able to lend this handbook, please lmk!!!",M
357,"anybody taking this course have a pdf of the textbook? i looked online but wasn’t able to find it 

wasting away: the undermining of Canadian health care - 2nd edition by Armstrong P &amp; H Armstrong (2010)

thanks!",M
38,"How can a student put in a maintenance request because I simply cannot anymore with this fan vibrating in increments that somehow are timed at the exact moment anyone tries to talk 

Like I’ll go fix it myself gladly I just need someone to pitch in a ladder pls I can’t take it ",A
870,Is it a fair 12 with effort ofc? What about compared to physics 1a03?,M
394,"Doing survey please help,

p.s im new to the school, is it normal to witness people releaving themselves in the bushes?

[View Poll](https://www.reddit.com/poll/1i3sebk)",M
961,You're not in grade school anymore.  You're not supposed to wish for a snow day.  Canceling class just puts you behind.  Plus you paid for it.,D
311,"Hey everyone at McMaster, it’s me again. I have a question to those who stayed a summer term. What is campus like? Is everything mostly open? What about residences, food courts and food places, buildings, gyms? Thank you!",M
191,"On Thursday at 12:36 pm I was on the 51 bus and these three girls blocked the back door (double door bus) to the point where people had to shove them out of the way in order to exit???

And they still didn't move out of the door way afterwards???

Like no one could even sit in the back of the bus because these girls blocked off both the back exit and back seats...

If u wore a green jacket and were with 2 other girls please learn some bus etiquette.

( If anyone is wondering why didn't you ask them to move? Multiple people did but they ignored/ were ignorant)",D
479,"Is there any way that a conflict application form will be approved after the drop/add deadline? I'm aware it was supposed to be submitted on the first day of classes. But due to several issues, mostly from the lack of communication from profs and being thrown around by everyone I asked to resolve this conflict, I'm still waiting on the signature from them. Is it still worth it to get those signatures from the profs and submit it? I'm so sick of this, I'm constantly running around all day on campus desperately trying to fix this but it's going absolutely nowhere. Should I just suck it up and focus on my 4 courses? Ive had no time to study cuz I'm so worried about getting in and having a full courseload. ",A
393,Does anyone know if there’s a gc for ling1aa3??,M
441,What’s the difference between McMaster Commerce and Business 1 because I would assume commerce would be under degroote but when looking in Ouac I only saw Business 1 and IBH under degroote. Not sure if commerce was even one of the specializations for business 1,M
162,hey! i was just wondering if anyone is currently taking this class this semester with demidova??,M
114,"Hey yall! 

So a few months ago I made a post on here about wether or not there were any clubs for car enthusiasts at McMaster.  I got a bunch of people saying that theyd be interested in one if it existed,  but as far as they were concerned there wasn't an established club on campus. I have decided that I want to start one given my passion for cars along the interest people showed in it. I was wondering if anyone knew the process for doing something like this? 

Thanks!!! ",H
108,"I've NEVER had a test or a final exam in an English course before. Those who have taken this course with Dr. Donaldson, how was the final exam?

  
By the way, some info: the exam is in person instead of a take-home exam because of GPT...",M
159,"Hi! I'm in second year life sci and I'm looking to make some good friends! I would love to have someone to study with and do hobbies with outside of school with as well  !! I'm an extrovert and I love meeting people but it's been kinda hard to meet *my person,* like my own girl bsf (if that makes sense) in life sci because it's a such a big program with a lot of course varieties

I thought maybe posting here would help, so feel free to pm me!! I'd love to connect !!

edit: PLS ANY GIRLS REACH OUT LMFAO",H
374,"So I'm kind of in a small situation where I ended up joining the wrong innovate instead of 1x03 with all of my friends 😭.

Seeing as I honestly don't really know anyone in 1z03 I'm really having trouble with finding a group to join so please anyone allow me to join their group if they still want people 🙏.",S
173,I noticed that the previous thread is no longer available. Please use this to keep everyone updated! ,M
1031,has anyone ever taken this class? i want to take it for spring/summer but i want something that’s not a heavy workload ,M
303,I know nations sells cheaper cuts of meat but is nations cheaper for vegetables and fruits than foodbasics including the 10% discount on Tuesdays?,M
304,Have any returning or new CAs received invites for interviews yet?,M
472,"Do yall know any places willing to take in a 19 year old with a free schedule ? Or your first jobs ? I have no experience and I want to work full time, but I’m willing to settle with part time if necessary. I’ve tried grocery stores and fast food places but heard nothing back :(",S
258,"Please guys im willing to do anything... Melatonin, NyQuil, lifestyle changes, etc etc...NOTHING WORKS I CANT GET MORE THAN 6H NO MATTER WHAT I DO. its like my body is on a timer. I wake up at 6am exhasuted and try to go back to sleep but I literally CANNOT.

Help

Edit: To give a little bit more info about my lifestyle, I workout 5-6x a week (weights and cardio mixed), I eat quite healthy and cook my own food (3 meals a day too). I drink 2.5-3L of water every day, I take supplements, like Magnesium and zinc before bed. I try to refrain from taking naps and go to bed thr same time every night. ",A
670,"I have one class in particular where my professor doesn’t allow any kind of devices, strictly pen and paper if you want to take notes and to bring the case studies physically. I personally find this to be nice and a breath of fresh air, especially because students are more engaged, bring more into class conversation and actually stay focused instead of the typical 90% of class not focusing whatsoever",H
1032,I’ve applied for business 1 and have a 93% Highschool average. I’m considering the optional supplementary application but a question involves how often you volunteer. I have no volunteer hours or sport activities outside of the 40 needed to graduate. Is it better to just not submit it than to say I don’t have any in that segment? Would they know if I did any outside of school and didn’t submit the hours for whatever reason or is that suspicious to them?,F
879,Hi! Can someone suggest some (easy-ish) classes that are still open? Thanks!,M
956,For a couple inches of snow that happened… the day before?,M
1098,It's lovely that you've thought of doing this.  It will mean a lot to the TA.  You might also give a card/letter after grades are in letting them know how meaningful your interactions with them were.,H
669,"okay, so this sem i’m taking bio1a, physics 1a, psych1xx3, chem1aa3, and socpsy1z03

basically i feel like this sem is going to be really heavy, and im considering dropping socpsy. just looking for advice on whether or not it’s a good idea. also i dont use osap, so there’s not going to be any issue there, im just curious if it has any affects on level 2 programs, and also if anyone has dropped down to 4 courses, how they feel about it. lowkey just looking for people to say whether or not it’s a good idea. im going to talk to an academic advisor if i decide to drop the course, but im just looking for insight. and also i did well last sem, average was a 10.8, not sure if that’s helpful.

lmk!!",M
495,What the title says loll. I’m looking for someone to go to the gym with (girl please). Lmk,M
404,helloooo do any upper years have advice for the Critical Thinking Assignment in PBL Level 2? I don't know what to expect :/ ,M
361,"I’m trying to apply for an USRA this summer! I am confused about the end of form 202 Part 1 where an official transcript is required. Anyone who has applied for/received the award in the past - did you have your transcript emailed to you/submitted a PDF, or did you need to have it mailed and scanned the physical copy? I would really appreciate any help! ",M
271,I want to be able to bring my own tea bags for when my thermos runs out. Are there any kettles that students can use on campus? I know there are hot water taps in the food service centres but I don't know what the policy is at those places and I don't feel like paying for it.  ,M
867,"I lost a dark blue Nike Beanie with a metallic Swoosh emblem on it in PGCLL 127, but I couldn't find it there. I was sitting in the middle of the room far right. It should be on the table or chair. I already filed a report with lost and found. Thanks",S
500,does anyone know if the lectures for chem 1aa3 and bio 1a03 are recorded during the spring/summer term? also is there any limit on how many courses you can take during this term? ,M
944,"I think atp it’s more so that we’re a lot more desensitized to the curveballs and deplorable side quests we run each week compared to others.

tldr: is what it is ig",M
934,Can someone send an invite link?,M
928,"hey everyone! i'm super confused on how the degroote supplementary works. is it just the 9 questions shown when you open the supplementary or is that a practice part and the actual supplementary begins after you submit your practice?

just wanted to confirm as i assumed it would be a timed supplementary like uoft or schulichs!",M
683,"The original price is $60, on sale for $30, contact me if you want to buy it.",M
666,group or kritik assignments and why?,M
644,no names let’s not get in trouble!,M
1013,Is there anyone maybe going on Co-op  for just the fall that would like to sublease?,M
1169,"That’s the worst take of all time. Meet me in front of lazeez in 10 minutes, I’ll beat your ass.",A
671,"Hi! I need an elective and was wondering which to take. 

SOCPSY 3M03 seems more interesting to me but I’m worried about vague instructions/marking for the assignments and the prof (Dunlop) doesn’t have the best reviews. MUSIC 2MT3 is usually considered a bird but the content and readings look a lot less interesting to me. 

Any input from someone who’s taken both/either recently would be appreciated!",M
488,Hey guy how do u study Engineering? I have classes all day and when I return home I'm so tired that I take a long nap and then realize I have work I start working at 6 pm and work till 12. I also scroll on TikTok for an hour because I can't sleep and I get less sleep and the cycle repeats repeatedly. I want to lock in and improve my study and work habits. Please help me guys!!,S
467,"Really enjoyed learning about orbitals and hybridization in high school and chem 1A03, and was wondering what upper-year courses I should take which would get deeper into specifics?",M
25,Why’re they banning any devices in the labs 🙁 not to mention I don’t like that ta either lmao ,S
968,What the hell are you smoking bro?! This is called a dusting of snow around here!!! 🤣😂🤣,H
1097,There is a GSA award for best TA that you could nominate them for https://gsa.mcmaster.ca/gsa-funding/gsa-awards/,H
446,Hello! I lost my student ID and keys today and was wondering if anyone found one,S
589,"No loans; how do yall manage to work full time / part time and go to school full time with good grades and pay for rent? I’m taking a gap year so hopefully I can spend these 9 months working full time and saving up for rent and put a bit of money aside for groceries and emergencies , but once school comes back around next year how do I balance that?",F
300,"Basically the title. I applied for the CA job and was wondering if we get single rooms? If not, I imagine we room with other CA's? Also, I know some buildings only have communal bathrooms, but if a building does not have only communal bathrooms and you get placed in that building is it guaranteed that you won't be in a communal? 

Thank youuu!",M
117,"For the learning portfolio I made my own website from scratch, made all the images, added other features and stuff and somehow I still did poorly 💀

For the computing section I added additional stuff, had others check if it did as expected. And still did poorly.

I haven’t done a single thing in this course well. Not even the milestones. Which is crazy because my individual code was apparently very wrong and terrible but when I coded the entire team thing myself and we submitted it as if we all did it somehow it’s perfect with no issues.

Im ngl Im not going to put any effort at all this semester as Im starting to feel like effort and grades are inversely proportional in this course. I pulled all nighters to finish coding that stupid fucking “””portfolio””” to get so low. Does anyone have any tips? ",A
486,"Hello everybody at McMaster. I am a foreign student accepted into a research project in the summer in this university, it looks very pretty! I was wondering if any of you could help me with resurces/websites to find accomodation outside of campus. I have to look at all posibilities, and I am weary of Facebook groups as they could be scams. Much appreciated!",M
244,So question about men's soccer recruit day in February ,M
314,"Hey! I’m not sure if this is allowed but if you know you won’t be needing one or both of your 2 guest tickets to the 11 am Iron Ring Ceremony on the 21st of March, I will happily buy them off you!! I’m in contact with camp 13 rn to see if it is allowed, so just pm me if you’re interested :) ",H
155,"Hi everyone,

I'm in the nursing program and I've been facing a lot of stress and overthinking recently. While many people probably feel the same way, I feel like I can't get myself to complete one single task for one single course. Don't get me wrong, I absolutely love this program and all my profs/peers.

If anyone could provide me with some advice moving forward, I would really like that.",S
484,"Hello, I have a question about repeating a class I did not fail. This is a third year lifesci lab course, and the final grade I got in the class was a C due to health problems. Should I retake the class just to improve my mark? The general advice I saw / heard is not to retake the course again if it is not a specific required course for grad school, which it is not when I looked at the admission requirements for the grad programs I am interested in so far because the program websites never specified this course as a requirement. However, I was recently thinking about looking into research positions through volunteering and thinking about maybe doing a thesis. I wanted to confirm if this C grade in a lab course will not hinder any chances of grad school or research opportunities? I am very confused and was wondering if anyone has any advice? Please help! I'd really appreciate it, thank you. ",S
246,"I'm sorry for haunting you. The door to the 6th floor was locked so I turned around to go down the stairs. Then I heard you open the door to the stairwell on the floor below so I waited for you to go down the stairs as not to scare you. Instead, you started coming up the stairs and stopped once you saw me watching you in the mirror on the wall. We stared at each other for like a minute straight waiting for someone to move. I began making some weird noises to scare you off. Finally, I gave up and began down the stairs towards you and you started running down the stairs with haste.

I was fr just tryna go down the stairs, my bad

https://preview.redd.it/kotwwkqx0oee1.jpg?width=275&amp;format=pjpg&amp;auto=webp&amp;s=2c0bd760d8a51441278da641e934d22d545b921a

https://preview.redd.it/g3fcgv3q5oee1.jpg?width=1887&amp;format=pjpg&amp;auto=webp&amp;s=2e73c8c1ebf49229e0ced12c22f1762e0af28bc5",F
474,"Hi I'm from Alberta and applied for honours health sciences. I was just wondering when mcmaster would request to see my grades because they have not yet, or if I should just send them my transcript. OUAC says no transcripts requested, so I'm not sure to do.",M
871,any commuters work out at pulse? i don’t want to waste money on a gym near my house but it feels so impractical to work out here. any tips on how u manage?,M
6,"I don’t know what some people are on but it doesn’t take long to wash your hands after taking a piss. I’ve seen so many guys not wash their hands and then go workout in pulse. Like at least have some hygiene. If you don’t have time to wash your hands, then carry a hand sanitizer or something in your pockets. Just keep your hands clean before touching equipments. ",D
464,"does anyone find that the prof moves extremely fast??? i literally cannot write as she talks at the speed of light and then i just give up because ive fallen so far behind 😔 i see the people around me just on their phones or sitting there. 

also psa: can we stop talking so loud and laughing at top volume throughout the whole lecture i might not be able to absorb any material because how fast she goes anyways but it definitely doesn’t help when im listening to you chat to your friend about your latest hookup.",S
553,"Hey everyone,

I’m planning to apply for a master’s in biochemistry at McMaster this fall, and I’m looking for advice on how to approach potential supervisors. I’m an international student, currently living in Guelph, so I wouldn’t be able to speak to them in person right away. I’d like to formally introduce myself through email, but I’m worried my emails might just get lost in the thousands they probably receive.

How do I make my email stand out? Of course, I know I need to include the basics like who I am, why I want to work with them, and my experience, but is there anything else I should include to grab their attention or show that I’m serious about joining their lab?

If any of you have gone through this process (especially master’s students at McMaster), I’d really appreciate your tips! What strategies worked for you? How did you structure your emails?

Any advice would be super helpful. Thanks in advance!",M
874,I have to take it for my minor and I'm just wondering how the TAs are,M
118,every post where people are trying to make new friends they get ur ig or make a gc and then nothing happens. i get ranting but then why offer to be friends if u aren’t acc gonna talk 😭,A
552,"For those who have taken commerce with Pepper, is the midterm hard? Are the questions from the slides or she uses question banks",M
925,Which one is easier out of the two ? ,M
372,Plssss because I wanna go study there rn nothing else open ughhghhhh,S
522,Can someone add me to a chem 1aa3 gc or create one if they know enough people in that course.,M
1042,all i hear is girls talk about how they know a guy likes them. like bro if youre gonna sit your ass in a lecture actually be there to study or gtfo,A
551,"Tried diff buildings and wifis, can’t even google nothing today",A
163,"hi! i'm trying to switch into the honours math+cs specialization next year and, since i'd have around 27-30 units of elective space, i was thinking about doing a minor in either physics or chem. i'm really interested in the applications of math and computer science in scientific research and was wondering which minor might set me up better for that. i already have chem and physics 1a03 and 1aa3, so i think i'd have to take 6 more courses for either minor.  
although, i'm also realizing there are a lot of interesting upper year math courses that i'd like to take which i might not have space for if i did a minor :/  
would it be best to go with a chem minor, physics minor, or do no minor to leave space for more math courses? i'd also appreciate any advice on the math+cs program in general lol",M
129,"Ummm does anybody have any idea why the university just fired the people at SVPRO (Sexual Violence Prevention and Response) and closed the office? It feels like the wrong step to take here?? But maybe there's something I'm missing

Any ideas? ",S
496,Saw this at lower level of Chester hall. ,M
1061,Not living in Ancaster but I am also looking for upper year/grad roomates! I am in ainslie wood,M
47,is anyone without a group or need a member for their group? pm me!!,M
89,Hey everyone! does anyone have notes for this class for the upcoming midterm to study for or that would like to work together to make a master doc for the midterm between lectures and the textbook? I'm having some challenges with these weekly quizzes idk if its just me or the questions or so specific so I'm kind of worried about the midterm :( Would appreciate the help!,S
270,i feel like oscarplus transcript is killing me lmao. how did y’all secure the bag?,A
1187,Any tips to do well in first midterms ,M
647,"I'm selling my psych 1xo3 handbook from last sem, I didn't use it so theres no writing in the worksheets and all the flashcards are still in the book. I'm willing to sell it for a lower price than you can buy it at from the campus bookstore!",M
371,I left my lanyard and key in one of the bikes yesterday by IWC. Please let me know if you’ve seen it,S
122,Does anyone know why dominos don’t take student card anymore? Is there new location that does ,M
525,"Hello!

Someone else and I created a group chat for this course. Feel free to join if you're interested!

https://discord.gg/e5w2PY3SNP",M
238,"Its been happening for a week now. whenever i scan a bike it says ""vehicle not found"" WDYM VEHICLE NOT FOUND ITS RIGHT THERE UHSHIUHSUHAIUH ",A
192,"Hi guys! I'm looking for group chats for the following courses: Korean 2X03, Sustain 1S03, and Music 2MT3. Pls lmk if there are any gc to join. Thanks!",M
7,"If you commute you’re probably aware of these problems and might’ve just accepted them. Have you been on the waitlist for 8 months? That’s not an unfortunate accident, Lot M is half empty every day. McMaster makes the bulk of its money at Lot M through the commuters that are not on the waitlist. If you get off the waitlist McMaster loses money. You will keep playing $8 a day until someone else can replace you on the waitlist as their cash cow. And the waitlist resets yearly.

This is bad enough, paying $160 a month for parking at the uni you already pay massive amounts of tuition to, just for them to pocket the money for profit. If you aren’t convinced Mac doesn’t give a fuck about you and is taking advantage, here’s another lot M anecdote.

A couple months ago the machines suddenly, due to a “bug in the system” (parking employee) charged $12 for lot M instead of $8 for two days. This isn’t much, true. But McMaster charged this amount, never addressed it, never returned it. If we assume 1000 people came into lot M those two days, that’s about $8000 extra. Not a small amount. Money that could’ve improved the shuttle busses that have gotten shittier and shittier, or payed the shuttle drivers more. It 100% just became surplus (illegally accrued) profit.

The commuters are easy to take advantage of. We’re a formless mass of people with no unity, and McMaster will take advantage of you for your whole time here. Bring these problems up to whoever you can! Your MSU elects, CUPE, anyone who has ears. Every problem at the school we acknowledge and work to fix will benefit the students, profs, employees (everyone but the upper administration and shareholders). Set a good precedent and don’t let yourselves get walked over, even in the seemingly small issues! For profit they will step on you.",A
179,Has anyone been accepted to an exchange destination while being slightly under the cutoff? Applied to a school with a 8 requirement that has “good availability”,M
12,"I have never in my life tasted food so utterly bland, and so utterly horrendous and disgusting to the point where I felt the need to not only protest for my money back after the meal but also immediately leave a negative review on Google Maps and follow it up by telling everyone about my awful experience there. 

I am so genuinely serious when I say this but please do not go there, please stop your friends from going there, and please let that place rot until its forced to go out of business. What a disgusting pathetic excuse of ""shawarma"" they've got going on in there. Not even their ""garlic"" sauce has any hint of garlic in it. It is genuinely utter slop food for the lowest of your lows. 

Can you imagine? You're a student at mac, you just finished a stressful exam, or maybe you have an exam coming up, or maybe hey, you just need a little nutritional boost before going to the gym. Let's go to Westdale and try something out! Ah! Perfect! Lazeez Shawarma! I love shawarma! 

Only to be met by the most slop food you've ever had in your entire life. It genuinely feels like youre filling your mouth with ai generated food if that makes any sense. Like theres an attempt at trying to create flavour and yet nothing happens, theres no magic, theres not even a moment where you think ""yum"". You just keep taking bites hoping the next one won't taste like TV static.

We as a community need to warn others and be informed to run this place out of business and out of westdale. It is a joke of a franchise and the food is a slap on the face for any poor souls that've never tried it before (me). Its utter trash! It literally robs people out of their money. There are SO many other better restaurants as gimmicky as they may be that can replace it. 

Thanks for listening to my TedTalk. Please remember never to try Lazeez Shawarma and never to spend a penny or even a minute of your time at such a piss poor quality franchise. Your pocket and tastebuds deserve better. ",D
367,"helllooo trying this reddit thing to find people to study with on campus or anywhere in hamilton! I am a fourth-year female, and am looking for people who are the same :)

also i cant send any chat invites since i just made this account, so please feel free to just send me a message!",H
1142,Oh no please don’t say that. You will hurt their feelegs 😂,M
913,hey guys so i wanted to take eng 1f03 but now decided against it so i need another course preferably easy (bird. please help a girl out!!!!,F
1190,it means that they have accrued too many violations and have been automatically disqualified as per election rules! they still have the option to appeal the fines so keep an eye out,M
990,"Depends on your TA, so ask them? Mine, for example, said ~1500 words would be ideal. 

But then again, it’s quality over quantity. Her point was essentially to ensure that the criteria has been hit with sufficient details",M
1106,fumbled my interview too. did not know what i was saying. going into 3rd year in fall 😁,H
1164,Shelby’s paid this guy no doubt,D
597,Selling math 1LT3 textbook! Dm for price ,M
274,So currently on academic probation and to get into my honours prgram for next year i need to meet a 5.0. Now my question is that there are 3 required courses for it and the rest are electives. Do they look at my highest mark electives and are those electives only limited to lv 1 courses. This term im taking 2 easy electives (japanese 2x03 and innovate 2x03) will those count in my gpa for the honours program. Im concerned since those are 2nd yr courses so im not sure whether they are included.,F
1027,"Hey! I think I misplaced my wallet after getting something from the Second Cup at Keyes and was wondering if anybody would have retrieved it! It was pastel green, it has my student ID, presto and license. Please let me know!",F
364,"Hey everyone! I’ve been trying to find a job on campus but haven’t had much luck. Where do you all work and where did you apply? Are there any job opening that are not as competitive to apply to?

Anywhere is fine but if you have details about Lyons New Media, paid research positions, or Mills Library, that would be great! 

Side Note: are referrals really important? And if so, is anyone open to asking their manager for me?",S
954,stop making excuses to not attend class dawg,D
438,"Hey, does anyone have an online link for the commerce 2NG3 textbook? Preferably Google drive lol. 

Thanks for your help ",M
14,"Does any one have their past chem test form 2023 or 2024. If you can sure it’ll be great thanks.
My test is tmr",M
639,"Hey there! I was thinking of applying to Macmaster's bcom program and I wanted to ask a question about passing a course/class. So for the accounting and finance program at TMU, I believe you need to have at least a 67% to pass and move on. Is there a similar structure for mac's program? Another question I have is how rigorous is their business program? Like are classes overall on the easy side or hard? Thanks a lot! ",M
652,"Hey guys, I have the 1GR0 24 hour case coming up and I just had a few questions. Does anyone know if it will actually take up the two days they told us to free up, I have work and I wanted to see if I can avoid cancelling it. So would I be able to go to work on the weekend day they told us to be free if it's just a morning shift? Also, how is it like generally and how do you prepare? Thanks in advance.",M
1005,"When on a coop, you’re enrolled in a coop program or course. if you have passed the deadline to withdraw from a course other than your coop course , might have to pay fine",M
149,"Hi everyone, my two friends and I are looking for a house starting in September, but most lease options we’re finding begin in May. Some suggest subletting as an option, but it seems quite hectic. What would you recommend? When should we start searching, and how feasible is it? Also, where should we look?",M
556,"Currently working on my exchange application and on the second to last section there is a box asking if you submitted a reference or not. For people who have previously done exchange, it needed or is it more of an extra? ",M
211,"Hey, im a male with pretty curly hair who just needs to neaten up my longer hair a bit. Every haircut post on here asks for a fade lol so just wanna ask if anyone has a good experience with a barber who LISTENSSS.",A
914,If anyone has taken this course I wanna know how it was and if it is considered a bird course. Also are the lectures recorded,M
1045,"yall why are u in CATS if all ya wanna do is yap with ur friends..why not use other spaces in mills if thats what u want to do

there are literally multiple signs saying “quiet area” and “no talking zone” 

respectively… shut up 🫣",D
921,I am taking this course this semester but haven’t seen too many people talking about it. I am in first year Eng and was wondering if it’s manageable and is it easy to get a 12. I am scared for the final exam so if anyone has taken this course if they could let me know how it was🙏🙏🙏,F
537,"I DESPERATELY need this course

If you or anyone you know is thinking of dropping it please lmk ",F
1134,It’s probably just a typo! 😔,S
231,"what textbooks do profs usually use for the following math courses:

- 2x03 (adv calc i)
- 2xx3 (adv calc ii)
- 2r03 (theory of lin alg)
- 2c03 (intro to differential equations)
- 3ia3 (intro to analysis)
- 3a03 (real analysis i)
- 3x03 (complex analysis i)
- 3f03 (ordinary differential equations)
- 3ff3 (partial differential equations)",M
1140,Go ask it and find out,M
406,I’m in my third year and I’m a commuter but idk if anyone else struggles with making friends. I’d say I’m social but commuting is mentally draining (everyday back and forth) and I’m not rlly the party guy either so I just go to class and come back. I’ve tried making friendships but honestly it’s not easy and especially now in third year. ,M
378,Hi. I don't know if anyone else has the same problem as me but I still haven't received the invitation email from Kritik for PSYCH 2AA3 despite doing the survey that allowed me to specify that I prefer individual Kritik assignments.,M
333,What jobs are you guys planning to get this summer?,M
279,"hey,

i applied to degroote undergraduate bcom a few months ago and am just about to hit exam season. My marks have been decent, have about an 87 overall average right now but will hopefully go up next semester since I have an easy course load (aiming for an 88-89). My big issue is math. it’s required for my program but I’ll have about a 76 by semester end, was just wondering if that’s going to drastically affect my chances of making it. I did also complete the optional supplemental assignment. anything helps, thanks!",F
574,"Hi everyone! Is someone able to tell me if the lectures for this course (Winter 2024) are recorded?
I attend lectures regularly but find I like having the option to rewatch lectures while studying. Thank you! :)",M
1115,"Hamilton is actually a really solid food city

There's a lot of lovely places in Westdale (Saigon has fantastic pho, Paisley is expensive but really solid), and downtown I've been to a few great spots, like Wass ethiopian, Cowabunga, etc  
But I would love to hear some of your personal favourites",H
187,I've come across alot of upper years that have nicer looking MacCards and i must say that I'm lowkey jealous. Why did ours have to be so ugly and horizontal. Are we stuck with them until we graduate or do they ever change them throughout the years?,D
1183,"Hey man, at least it’s the nice parts of life. It’s worse when you surrender your soul to the realization that you’ll never escape capitalism",H
153,are the modules enough to do the quizzes or do you need to watch the lectures as well?,M
1054,"&gt;I don’t even know if I’m in the right career anymore because I can’t think logically like an engineer.

Imposter syndrome is real and affects most people",M
950,"If you don’t want to go to class then don’t, no one’s making you technically. ",D
942,hi im chembio im not well adusted👍 i just scrap by with a prayer to god,S
995,"So I have my Calc II midterm on Monday, Feb 10 from 7pm - 8:15pm, however I also have my Innovate 1z03 lectures at the same time from 7pm - 10pm (realistically more like 8:30pm but the ending time doesn't rlly matter). I know I could reschedule for an earlier time but can't do that either bc of other courses. Should I skip the Innovate lecture or MSAF the midterm?",F
307,Has anyone attended an online seminar for their ELP? If so do I need to put my camera on because idk if it’s better for me to attend in the library or in my dorm (with my roommate there lol),M
110,I have one open space in an all female house close to Mac. Pm for more info.,M
891,"I really want to take up badminton after a long time, but it feels a bit weird to go to drop-ins alone. Everyone is playing in separate groups. If anyone’s interested, please hmu! 

I’m still a beginner tho, so don’t expect much. ",M
1018,Like a job interview kinda. Questions are different for everyone but range from “Tell me about a time when…” to “If you were the last person on earth…” to “Why Mac?”,M
1103,"Having a big vocabulary does not make you a good speaker though. In any case, I don't see much point in worrying about it it's out of your hands now. All you can really do is hope for a good outcome. Best of luck bro ",H
278,"hey!! im a first year in life sci (female) and am looking for housing right now, if anyone needs an extra person (or wants someone to look for a place to live with) message me :))",H
1102,"
holy mother mary i did so incredibly ass on that please someone tell me it doesn’t matter. 

Genuinely I couldn’t say a single word. Like not a single thought came to my mind. I was so stuttery, couldn’t get any point across. there was 0 detail to whatever i was saying. it was very bare minimum. 

my written response was good though. way easier for me to think straight and get a point across when im writing. and im generally a good writer. 
but the video responses….. absolutely not. especially with the fact that we only get 1 minute to prepare. pisses me off tho cus i have good vocabulary and i’m able to properly articulate my thoughts when im writing or even when speaking as well as long as i’m calm and don’t feel like i’m put on the spot. 

that supp app does not represent me at all. if u spoke to me irl it would be incredibly different. like bye buddy i couldn’t even tell u my favourite color. i literally said NOTHING in those responses. my vocab was CHEEKS. that isn’t me. i’m never that nervous . 

my life is over now ggs. mac was my top pick i didn’t even apply to any other good schools. i love mac. mac is my dream. mac is the light at the end of the tunnel. mac is a shooting star, glistening in the darkness of space. mac is a warm campfire on a cold summer night. ",F
585,"so i’m a first year and i’ve had trouble making genuine relationships with other people so far, but now is the time people are looking for houses. i don’t even know where to start with this not to mention i have no group to look for a house with. i also am religious so im picky in that sense of who i end up living with, due to religious values and restrictions. i’ve been so stressed hearing abt everyone finding houses lol so is it normal to not find housing rn or fo ppl have suggestions on what to do in this situation? commuting is also not an option i live too far",S
1029,Lol after the quiz results jw if anyone is in this class and would like to talk/be friends?,H
368,"I posted this yesterday but I got no replies so i hope i have better luck this time. This is a bit urgent imo and i don't know what to do 😭

I'm currently applying to summer internships as a third year (sadly i was unsuccessful the past two summers), and although I have a decent (but not amazing) cGPA of 3.6, and have since improved my resume, there's one major barrier: references.

Out of my applications, there are three companies that I really want to intern for, as they relate to my interests/specialization the most, but unfortunately all three of them require me to write out contact information for an ""academic reference"". Because I'm an idiot, I've never even thought of visiting any of my professors once during office hours throghout my two and a half years here. It did cross my mind, but i'm a bit of an introverted/socially anxious guy so there was always this fear that if I tried to form relationships with my profs, they'd think i'm trying to butter them. I participate a bit in class, but I've failed at introducing myself more/forming connections with my profs and none of them know my name i can tell ya

So i'm kinda cooked, am I? I can't submit these applications without providing references/contact info for professors. Since my profs don't know me that well, I can't just simply ask them if it's okay i use them as a reference. Guess i'm gonna graduate without any work experience while everyone else in my program already did like two internships😪",S
